scorer,DLC_resnet50_ElephantAggressionMay21shuffle1_3000,DLC_resnet50_ElephantAggressionMay21shuffle1_3000,DLC_resnet50_ElephantAggressionMay21shuffle1_3000,DLC_resnet50_ElephantAggressionMay21shuffle1_3000,DLC_resnet50_ElephantAggressionMay21shuffle1_3000,DLC_resnet50_ElephantAggressionMay21shuffle1_3000,DLC_resnet50_ElephantAggressionMay21shuffle1_3000,DLC_resnet50_ElephantAggressionMay21shuffle1_3000,DLC_resnet50_ElephantAggressionMay21shuffle1_3000,DLC_resnet50_ElephantAggressionMay21shuffle1_3000,DLC_resnet50_ElephantAggressionMay21shuffle1_3000,DLC_resnet50_ElephantAggressionMay21shuffle1_3000,DLC_resnet50_ElephantAggressionMay21shuffle1_3000,DLC_resnet50_ElephantAggressionMay21shuffle1_3000,DLC_resnet50_ElephantAggressionMay21shuffle1_3000,DLC_resnet50_ElephantAggressionMay21shuffle1_3000,DLC_resnet50_ElephantAggressionMay21shuffle1_3000,DLC_resnet50_ElephantAggressionMay21shuffle1_3000,DLC_resnet50_ElephantAggressionMay21shuffle1_3000,DLC_resnet50_ElephantAggressionMay21shuffle1_3000,DLC_resnet50_ElephantAggressionMay21shuffle1_3000
bodyparts,trunk_tip,trunk_tip,trunk_tip,head,head,head,left_ear,left_ear,left_ear,right_ear,right_ear,right_ear,tail,tail,tail,front_legs,front_legs,front_legs,back_legs,back_legs,back_legs
coords,x,y,likelihood,x,y,likelihood,x,y,likelihood,x,y,likelihood,x,y,likelihood,x,y,likelihood,x,y,likelihood
0,-4.175596237182617,475.7767028808594,0.007709397468715906,11.075028419494629,-6.459194183349609,0.0005675415159203112,1.402761697769165,0.947350025177002,0.0005827281274832785,2.9455699920654297,-5.250450134277344,0.004294890910387039,1.4528255462646484,479.60833740234375,0.0016150615410879254,0.03318071365356445,476.6918029785156,0.002112198853865266,1.2500417232513428,629.5202026367188,0.001541256788186729
1,-4.175596237182617,475.7767028808594,0.007709397468715906,11.075028419494629,-6.459194183349609,0.0005675415159203112,1.402761697769165,0.947350025177002,0.0005827281274832785,2.9455699920654297,-5.250450134277344,0.004294890910387039,1.4528255462646484,479.60833740234375,0.0016150615410879254,0.03318071365356445,476.6918029785156,0.002112198853865266,1.2500417232513428,629.5202026367188,0.001541256788186729
2,277.0113220214844,347.18463134765625,0.03236670419573784,213.94874572753906,322.8056335449219,0.007389553822577,281.6575927734375,350.98541259765625,0.02481604553759098,216.79551696777344,328.8663635253906,0.029652466997504234,277.05609130859375,363.7609558105469,0.011087584309279919,299.0054626464844,411.17822265625,0.030512934550642967,238.88592529296875,408.5796203613281,0.02311115711927414
3,277.17010498046875,347.2792663574219,0.03407076746225357,194.39234924316406,399.77423095703125,0.007694427389651537,281.60357666015625,351.50531005859375,0.02552199363708496,218.3232421875,328.12200927734375,0.03451564162969589,276.6053161621094,362.4913635253906,0.012166397646069527,298.3561096191406,412.326171875,0.03657793626189232,268.3404846191406,315.5179443359375,0.029347656294703484
4,277.4344787597656,347.419677734375,0.030778793618083,194.6640625,400.20989990234375,0.005998396314680576,281.86676025390625,351.5690612792969,0.02154037356376648,217.9616241455078,327.2126159667969,0.015501508489251137,271.76885986328125,326.1930847167969,0.009096729569137096,238.3838653564453,400.180419921875,0.027350332587957382,268.0141296386719,315.22930908203125,0.03054271824657917
5,277.2240905761719,347.18841552734375,0.03370644152164459,194.31582641601562,401.6907653808594,0.005262484308332205,281.68963623046875,351.2909240722656,0.021695414558053017,287.01361083984375,348.47412109375,0.00983293354511261,271.83203125,325.3294372558594,0.008035296574234962,238.35935974121094,401.10479736328125,0.03514420613646507,268.2211608886719,314.2317810058594,0.035855427384376526
6,276.9539489746094,347.7436218261719,0.033072035759687424,190.9462127685547,417.9271545410156,0.0037506569642573595,281.7785339355469,351.5794982910156,0.019933706149458885,287.3858642578125,348.7493591308594,0.008780640549957752,276.09417724609375,362.2481384277344,0.008532554842531681,238.60638427734375,402.8254089355469,0.028890714049339294,268.5393981933594,314.16949462890625,0.03498351201415062
7,259.0791320800781,312.5237731933594,0.030074577778577805,193.95567321777344,401.2915954589844,0.005587749648839235,281.35150146484375,351.5862121582031,0.01584230549633503,328.78216552734375,311.7631530761719,0.00861092284321785,273.1992492675781,316.39984130859375,0.008262298069894314,237.896728515625,403.6964111328125,0.03183979541063309,269.3663330078125,314.25604248046875,0.05088001862168312
8,233.7412872314453,356.28814697265625,0.03594335913658142,191.21826171875,417.9069519042969,0.005149177275598049,281.0594787597656,351.6011962890625,0.01543334499001503,326.0696716308594,308.61199951171875,0.008471141569316387,273.6524353027344,363.922607421875,0.00970741268247366,237.8120574951172,405.100341796875,0.04253153130412102,270.2342834472656,314.5435485839844,0.055666182190179825
9,230.42526245117188,396.794921875,0.033268578350543976,178.51979064941406,288.7989196777344,0.007396782748401165,325.13616943359375,307.9122314453125,0.014131066389381886,325.7283630371094,298.5612487792969,0.010539175011217594,270.0144958496094,326.33648681640625,0.011768578551709652,236.37989807128906,405.8148498535156,0.056246232241392136,271.0577697753906,315.3369140625,0.057626064866781235
10,256.2775573730469,314.87469482421875,0.04559837281703949,179.4078826904297,290.1056823730469,0.007666135672479868,282.97393798828125,352.81378173828125,0.014117799699306488,273.8021240234375,302.2174377441406,0.0177347119897604,270.564208984375,326.7993469238281,0.016356369480490685,234.677978515625,407.3304748535156,0.07432369142770767,270.6976318359375,315.7574768066406,0.06824633479118347
11,258.3360290527344,311.0554504394531,0.05196536332368851,178.75808715820312,289.8810119628906,0.007028062362223864,257.6733093261719,347.31134033203125,0.015832671895623207,272.0816650390625,302.1080322265625,0.02038882113993168,270.09375,328.0520324707031,0.016292983666062355,225.93411254882812,406.56597900390625,0.07258313149213791,270.0565490722656,315.6872253417969,0.06270313262939453
12,257.52447509765625,311.5944519042969,0.05538429319858551,189.83627319335938,348.7882080078125,0.009387937374413013,314.02923583984375,309.5360412597656,0.018773553892970085,270.8540954589844,302.2590026855469,0.024438563734292984,270.4567565917969,327.5521545410156,0.01985619030892849,235.084228515625,409.1523742675781,0.0636277049779892,270.4760437011719,314.9608459472656,0.0702446699142456
13,233.25282287597656,330.60791015625,0.06909004598855972,177.70370483398438,289.6903381347656,0.007673713378608227,166.5240936279297,342.9274597167969,0.01414659433066845,270.3827819824219,302.69580078125,0.023862484842538834,270.73101806640625,327.3755187988281,0.01899082027375698,236.70643615722656,407.3904724121094,0.06512882560491562,269.43212890625,314.7493591308594,0.07012234628200531
14,234.72315979003906,330.687744140625,0.08534282445907593,173.92691040039062,290.55072021484375,0.01184123009443283,245.4239044189453,334.9606018066406,0.01975370943546295,269.8951416015625,305.3782958984375,0.019514283165335655,270.7754211425781,327.8861389160156,0.01972968876361847,248.66978454589844,336.1544189453125,0.04410300403833389,269.4073791503906,314.3166809082031,0.0686318427324295
15,239.21632385253906,332.2466735839844,0.06533391028642654,200.13343811035156,346.7886657714844,0.009054108522832394,256.8168640136719,346.02227783203125,0.020164359360933304,171.88572692871094,342.1475524902344,0.019702840596437454,271.4162292480469,327.8651123046875,0.02066555991768837,283.6358947753906,418.5224304199219,0.04190880432724953,252.19342041015625,340.1058349609375,0.05940711498260498
16,241.44447326660156,343.2857666015625,0.0552830770611763,198.53688049316406,345.4548645019531,0.007330342195928097,255.78262329101562,346.784912109375,0.02621142566204071,175.5467071533203,338.77587890625,0.0382046103477478,271.2648620605469,327.5384826660156,0.013787751086056232,283.33941650390625,418.7226257324219,0.06078818440437317,259.9512023925781,336.8777770996094,0.05696436017751694
17,243.09573364257812,343.2455139160156,0.03638020157814026,183.8624267578125,344.60107421875,0.014658316969871521,182.2300262451172,347.7184753417969,0.028750965371727943,185.55760192871094,348.73394775390625,0.06560809165239334,269.66876220703125,331.5750732421875,0.010448087938129902,127.02809143066406,414.1566162109375,0.07735545188188553,266.53643798828125,329.65911865234375,0.07059101015329361
18,199.250732421875,347.8841552734375,0.036999184638261795,201.1259307861328,346.5681457519531,0.018318980932235718,195.90301513671875,353.4478454589844,0.04529288038611412,183.94052124023438,336.21478271484375,0.05307457596063614,185.31130981445312,360.56854248046875,0.014994275756180286,139.25877380371094,410.2226867675781,0.08279813826084137,268.0504150390625,328.9947509765625,0.09842086583375931
19,230.63414001464844,379.3538818359375,0.04161057993769646,185.59573364257812,346.9801940917969,0.018078982830047607,182.25347900390625,345.8887634277344,0.03695079684257507,186.3406524658203,339.5265197753906,0.056178152561187744,182.6026611328125,359.27215576171875,0.009661256335675716,138.51951599121094,410.73834228515625,0.07626023888587952,272.5210266113281,329.2646179199219,0.07681313902139664
20,186.77088928222656,348.5835266113281,0.03387334942817688,188.51312255859375,347.7217712402344,0.018352024257183075,184.45619201660156,342.12261962890625,0.058998044580221176,186.13719177246094,336.2730407714844,0.058021049946546555,187.05490112304688,358.6161193847656,0.025952782481908798,129.95599365234375,409.20361328125,0.0656326413154602,182.86634826660156,350.3299865722656,0.12453892081975937
21,168.28933715820312,354.1126708984375,0.019569531083106995,215.62728881835938,202.8186492919922,0.010036139748990536,188.2084197998047,342.2161865234375,0.045890405774116516,317.2352294921875,202.4407501220703,0.03164011985063553,189.78158569335938,359.38287353515625,0.01922762207686901,130.6807098388672,410.4326171875,0.09975249320268631,182.32778930664062,358.59454345703125,0.10044258832931519
22,187.0895538330078,345.4067687988281,0.032506007701158524,198.05787658691406,257.0812683105469,0.015465673059225082,185.2979736328125,347.5133056640625,0.030968867242336273,315.0220031738281,201.17645263671875,0.05684083700180054,188.8815155029297,368.4225158691406,0.011072447523474693,119.59359741210938,412.2291259765625,0.0840878114104271,185.2532958984375,366.1009521484375,0.08292852342128754
23,327.3164367675781,316.6382141113281,0.013403361663222313,182.97250366210938,368.04290771484375,0.0072649335488677025,337.58160400390625,319.6217041015625,0.026309041306376457,313.8686828613281,195.8288116455078,0.06033078953623772,190.61474609375,374.6201171875,0.009838259778916836,119.88691711425781,412.50799560546875,0.06732136756181717,187.96290588378906,368.2655029296875,0.045731186866760254
24,171.78973388671875,376.58734130859375,0.03119824454188347,167.8350067138672,383.9862365722656,0.030106129124760628,337.9702453613281,318.8374938964844,0.029245350509881973,312.64544677734375,187.51731872558594,0.0567920058965683,188.608154296875,379.8523254394531,0.013882650062441826,275.3996276855469,423.33660888671875,0.06669428944587708,186.7755889892578,377.7515563964844,0.08014804869890213
25,241.11619567871094,405.831787109375,0.030211394652724266,198.75515747070312,242.85508728027344,0.016757631674408913,338.3700866699219,318.9897155761719,0.02492053620517254,333.6094665527344,324.20159912109375,0.024644531309604645,281.36749267578125,428.720458984375,0.0044148811139166355,275.4325256347656,422.712158203125,0.07381512224674225,127.98372650146484,412.9577331542969,0.019058890640735626
26,242.34219360351562,408.0919189453125,0.09454785287380219,191.3413543701172,413.4442443847656,0.01711234822869301,316.99578857421875,339.9361267089844,0.023890936747193336,330.09332275390625,341.35797119140625,0.028530791401863098,282.8154296875,429.1033630371094,0.009811493568122387,278.33160400390625,425.4896240234375,0.20671801269054413,284.0371398925781,423.8040771484375,0.04302321374416351
27,243.52847290039062,406.0771789550781,0.08466584980487823,188.04917907714844,413.9906005859375,0.02558431774377823,201.78013610839844,233.34872436523438,0.023772520944476128,329.7174377441406,341.009765625,0.026456978172063828,186.02798461914062,408.0497741699219,0.0123063325881958,278.5779113769531,428.457275390625,0.16109685599803925,189.20225524902344,411.586181640625,0.0489598885178566
28,250.28643798828125,287.78143310546875,0.05076975002884865,181.79017639160156,419.2207336425781,0.02256404235959053,202.2388458251953,234.6295928955078,0.021076098084449768,332.2500915527344,324.0793151855469,0.02712782844901085,239.1096649169922,410.347900390625,0.006155415903776884,278.9888916015625,427.4999694824219,0.1054387018084526,242.21548461914062,407.3584289550781,0.04053736478090286
29,244.04051208496094,282.75750732421875,0.059577200561761856,299.8782958984375,200.1400604248047,0.022149577736854553,315.41925048828125,338.8040771484375,0.01948981173336506,331.6802673339844,324.2235107421875,0.03014731965959072,234.1123809814453,348.8059997558594,0.015448460355401039,278.70465087890625,428.7073669433594,0.06047120317816734,239.38722229003906,336.9798583984375,0.05488162487745285
30,190.0548095703125,249.3306427001953,0.04638468101620674,298.6099853515625,201.96963500976562,0.02910628356039524,315.70166015625,337.6370849609375,0.021341383457183838,328.9982604980469,340.8716735839844,0.030392112210392952,203.69480895996094,252.8050537109375,0.012629521079361439,219.5994110107422,407.93048095703125,0.08925583958625793,238.99960327148438,336.4208984375,0.05486138537526131
31,219.49203491210938,393.15374755859375,0.06244080886244774,211.46665954589844,411.8372802734375,0.052127305418252945,184.035888671875,250.82005310058594,0.02052108198404312,220.89385986328125,419.8565368652344,0.030277175828814507,220.96575927734375,409.5177307128906,0.0423930361866951,214.29849243164062,405.4305725097656,0.15775936841964722,218.7092742919922,408.7357177734375,0.14801113307476044
32,235.37448120117188,303.7247619628906,0.05523950234055519,215.73265075683594,415.1007385253906,0.0317162461578846,314.4045104980469,336.3086853027344,0.023382706567645073,332.2549743652344,323.3633117675781,0.032572828233242035,220.8249053955078,410.08172607421875,0.03408486768603325,206.39935302734375,410.6441345214844,0.13691262900829315,210.8091583251953,412.0554504394531,0.16288186609745026
33,232.25987243652344,373.3133850097656,0.09512851387262344,197.50506591796875,411.6678161621094,0.05084116384387016,314.8411560058594,336.2750549316406,0.029122108593583107,332.0821838378906,345.0548095703125,0.03159858286380768,238.43576049804688,332.8377990722656,0.023428475484251976,200.53526306152344,410.687255859375,0.11481206119060516,237.35421752929688,328.0438537597656,0.15582764148712158
34,229.24758911132812,371.40362548828125,0.0773148313164711,181.6251678466797,415.4090270996094,0.06527730822563171,318.5143127441406,337.5531005859375,0.04577619954943657,332.0715026855469,325.5372619628906,0.04028866067528725,204.2971954345703,409.4293518066406,0.03014376014471054,203.27378845214844,410.13116455078125,0.1125677227973938,235.83746337890625,328.8307800292969,0.08690989017486572
35,197.38201904296875,348.64349365234375,0.07731003314256668,178.96397399902344,415.01947021484375,0.05316498130559921,330.73565673828125,346.39007568359375,0.05123007670044899,331.289306640625,348.7515869140625,0.06485363095998764,205.6981658935547,409.7189636230469,0.031437329947948456,204.5647735595703,412.0380859375,0.1136111319065094,216.8367462158203,346.8486633300781,0.09100209176540375
36,330.90985107421875,346.48858642578125,0.0879993736743927,174.2462158203125,411.7478942871094,0.045816510915756226,331.1795654296875,346.6911315917969,0.05373773351311684,331.4871826171875,349.1170959472656,0.06341653317213058,205.37892150878906,409.5419616699219,0.03749535605311394,278.1517028808594,424.05572509765625,0.12790198624134064,288.4815979003906,424.0430603027344,0.10044188052415848
37,197.7270050048828,349.052978515625,0.06957823783159256,175.6711883544922,415.5000305175781,0.044224612414836884,197.82943725585938,348.6460876464844,0.03298299014568329,324.0060729980469,351.6607360839844,0.05116264149546623,205.27227783203125,409.7376708984375,0.04393710568547249,203.62664794921875,413.3454284667969,0.15446342527866364,290.30267333984375,424.787109375,0.1660791039466858
38,182.2632293701172,361.5987854003906,0.061107393354177475,199.6173553466797,412.93634033203125,0.022710848599672318,314.1811218261719,348.0931396484375,0.022350257262587547,323.1640930175781,351.1584777832031,0.03197668865323067,205.1690216064453,410.5171203613281,0.0368574894964695,276.4089660644531,423.05889892578125,0.1365470439195633,288.4423522949219,423.9831237792969,0.15694881975650787
39,314.25628662109375,343.5958251953125,0.07436629384756088,308.5352478027344,351.9998474121094,0.011874591931700706,313.5715026855469,347.4083251953125,0.0257861465215683,321.7358093261719,352.1512145996094,0.02279169298708439,204.30123901367188,411.7984313964844,0.02169743739068508,275.0768737792969,425.0404052734375,0.14413370192050934,287.0921936035156,423.86541748046875,0.17137613892555237
40,313.5692443847656,344.34051513671875,0.07474641501903534,308.8343200683594,351.236083984375,0.01281560305505991,313.5726623535156,347.71844482421875,0.026073027402162552,316.6325378417969,349.2010192871094,0.01997174322605133,228.32920837402344,358.19549560546875,0.027056163176894188,274.8489990234375,427.14501953125,0.15053768455982208,286.09820556640625,424.421875,0.23208534717559814
41,312.79302978515625,344.8164367675781,0.06154101714491844,170.8607635498047,258.3811950683594,0.02222178690135479,176.60618591308594,347.94921875,0.025795118883252144,189.2965545654297,346.74212646484375,0.04208068177103996,228.61993408203125,359.26123046875,0.0291419867426157,274.80718994140625,427.8883972167969,0.13470879197120667,285.8984069824219,425.6058044433594,0.2571396231651306
42,169.0431671142578,247.96836853027344,0.08169291913509369,167.91207885742188,255.7704315185547,0.049877848476171494,171.1473388671875,249.2823486328125,0.04084180295467377,189.3316192626953,346.15045166015625,0.059683796018362045,170.56704711914062,252.49781799316406,0.02560735121369362,273.284423828125,427.9162902832031,0.1098569706082344,286.5501403808594,425.29632568359375,0.26775458455085754
43,179.92376708984375,347.5097961425781,0.06389376521110535,168.75146484375,408.4527893066406,0.03347564488649368,186.70306396484375,347.5746154785156,0.026905450969934464,188.95591735839844,346.32000732421875,0.03630954027175903,285.9156494140625,427.34619140625,0.02057565189898014,272.6781921386719,427.267333984375,0.12923695147037506,285.61639404296875,426.9589538574219,0.29133519530296326
44,277.5360412597656,420.9405822753906,0.05887529253959656,184.97633361816406,345.0358581542969,0.013704055920243263,187.38490295410156,347.39849853515625,0.020074086263775826,189.2708740234375,348.5394592285156,0.023446979001164436,285.16986083984375,427.84136962890625,0.021064354106783867,273.1040344238281,427.1908264160156,0.12644876539707184,285.7610778808594,428.60455322265625,0.27666476368904114
45,278.1941223144531,424.5140075683594,0.04283738508820534,163.2054901123047,240.94271850585938,0.01865311898291111,156.95584106445312,233.70521545410156,0.021004801616072655,189.52859497070312,348.65447998046875,0.016234971582889557,292.2322082519531,428.99468994140625,0.02071855403482914,273.4840087890625,427.4455871582031,0.09133505821228027,285.44342041015625,428.78228759765625,0.2559800446033478
46,278.53704833984375,421.3121032714844,0.05036858469247818,165.63893127441406,235.7413787841797,0.0167639572173357,297.14971923828125,346.1858215332031,0.02411319687962532,301.451171875,344.9119873046875,0.018662283197045326,291.6105041503906,430.2940673828125,0.02359893172979355,284.8479309082031,427.9897766113281,0.08455394953489304,285.11053466796875,427.5425720214844,0.27428579330444336
47,180.43502807617188,345.1355895996094,0.06427203118801117,184.8812713623047,345.3709716796875,0.014214686118066311,296.7078857421875,346.33056640625,0.026146836578845978,189.1601104736328,349.5970153808594,0.02398867718875408,291.767822265625,431.162353515625,0.02259400673210621,188.701171875,351.2966613769531,0.06932384520769119,284.8192138671875,427.0552062988281,0.2557370960712433
48,180.61849975585938,345.6649475097656,0.06029297038912773,201.45059204101562,429.4401550292969,0.014733236283063889,227.85275268554688,220.4718017578125,0.03166772425174713,188.63717651367188,349.97137451171875,0.02008531242609024,293.2021484375,431.6976318359375,0.021077731624245644,191.27389526367188,410.92230224609375,0.0690426453948021,285.31024169921875,426.9226379394531,0.24293822050094604
49,180.7845916748047,346.36138916015625,0.056807875633239746,201.4362030029297,429.46728515625,0.011297114193439484,296.6070556640625,346.95330810546875,0.023006124421954155,281.9959716796875,408.4733581542969,0.02371617965400219,293.49267578125,430.7567138671875,0.017612116411328316,191.4954833984375,412.5202941894531,0.06704636663198471,284.32672119140625,426.18084716796875,0.23687629401683807
50,275.6065673828125,415.2364807128906,0.056761570274829865,168.70529174804688,412.07318115234375,0.01990756019949913,302.6379699707031,333.0465393066406,0.022651951760053635,281.9403381347656,408.6241455078125,0.029356982558965683,315.0869140625,363.0118713378906,0.021721942350268364,191.23890686035156,413.3879089355469,0.12368465214967728,283.41204833984375,425.3583984375,0.19877317547798157
51,178.2568359375,406.21502685546875,0.11486724764108658,166.7181396484375,412.69451904296875,0.02388508804142475,302.2999572753906,332.77398681640625,0.025014065206050873,281.835205078125,409.47357177734375,0.03007817640900612,315.05450439453125,362.5360412597656,0.022247053682804108,186.9636688232422,414.9435729980469,0.326638400554657,283.3891906738281,425.29364013671875,0.20448671281337738
52,177.68563842773438,405.4593200683594,0.12659472227096558,168.00355529785156,412.6762390136719,0.029577476903796196,222.59298706054688,360.52362060546875,0.027523696422576904,188.96286010742188,414.4794921875,0.016098305583000183,185.16844177246094,412.9982604980469,0.022174200043082237,185.47181701660156,416.1551818847656,0.32239121198654175,282.3112487792969,426.4999694824219,0.1537400633096695
53,162.8610382080078,402.08966064453125,0.06303288787603378,167.72854614257812,411.35137939453125,0.015691978856921196,222.77561950683594,360.3685302734375,0.02509142830967903,175.86534118652344,387.5953674316406,0.01811935380101204,184.84930419921875,414.3510437011719,0.026270590722560883,176.68812561035156,413.7424621582031,0.19035016000270844,194.71429443359375,421.90478515625,0.13086873292922974
54,206.90745544433594,292.0284729003906,0.049173664301633835,113.80613708496094,404.3785400390625,0.014448851346969604,222.74636840820312,360.44293212890625,0.035818155854940414,235.74571228027344,348.0132751464844,0.02368810959160328,311.3485412597656,363.0538635253906,0.017199795693159103,174.92759704589844,418.9186096191406,0.20086365938186646,199.54403686523438,423.0357971191406,0.15952125191688538
55,206.846923828125,291.87506103515625,0.0940416008234024,115.22318267822266,404.385986328125,0.013514680787920952,223.5023956298828,361.0916748046875,0.041330594569444656,236.71865844726562,346.3766784667969,0.03386520594358444,203.328369140625,416.4640808105469,0.01282312162220478,174.42727661132812,420.87896728515625,0.15107889473438263,200.33766174316406,425.6170654296875,0.1741751879453659
56,262.7098693847656,372.3223876953125,0.10586098581552505,229.82008361816406,378.5035400390625,0.02359633333981037,230.12741088867188,357.6811828613281,0.06073632836341858,237.52212524414062,344.696533203125,0.04095080494880676,203.125732421875,416.9439392089844,0.012705793604254723,176.2318115234375,419.531982421875,0.1494147777557373,198.7423095703125,421.3505859375,0.15303228795528412
57,263.046875,372.2824401855469,0.19269539415836334,230.51051330566406,379.2381896972656,0.023323554545640945,230.56993103027344,358.2695617675781,0.05690846964716911,271.5498352050781,360.5774230957031,0.04600583761930466,265.4928283691406,380.6435852050781,0.017997588962316513,176.39801025390625,418.111328125,0.1287270188331604,197.4364471435547,419.3450012207031,0.12553398311138153
58,263.57684326171875,371.1902160644531,0.16283248364925385,231.3267822265625,380.0352478027344,0.02167537994682789,221.7716522216797,362.0628662109375,0.047669749706983566,269.9664611816406,359.21051025390625,0.04983539134263992,271.3393249511719,370.82086181640625,0.02202286571264267,159.74545288085938,410.1056213378906,0.0946517363190651,196.18402099609375,420.1866149902344,0.11296537518501282
59,263.0097351074219,370.8946228027344,0.16367629170417786,231.5804443359375,380.25799560546875,0.021530359983444214,231.49911499023438,358.5672607421875,0.04287956655025482,270.35382080078125,359.4939880371094,0.04784958064556122,271.3634033203125,371.0887451171875,0.020270783454179764,162.5235595703125,410.0179443359375,0.08139126747846603,284.1287841796875,425.0943908691406,0.10663772374391556
60,261.978515625,372.37310791015625,0.1833961308002472,262.5444030761719,383.5533142089844,0.018838584423065186,304.1860046386719,305.4128112792969,0.04606608673930168,269.5655517578125,360.1025390625,0.04869190603494644,269.0675964355469,383.374267578125,0.020792976021766663,167.68533325195312,411.0281066894531,0.10444808751344681,283.9958801269531,424.11041259765625,0.08739199489355087
61,260.9434814453125,373.3993225097656,0.13652737438678741,217.3331756591797,381.0148620605469,0.017512938007712364,235.255126953125,352.3656921386719,0.045412253588438034,238.79931640625,342.3189697265625,0.033955782651901245,268.129150390625,384.8617248535156,0.023300480097532272,267.8133850097656,382.1534423828125,0.05921528488397598,283.4172058105469,422.3501281738281,0.07018820196390152
62,243.6387939453125,377.66656494140625,0.07695195823907852,216.5120391845703,380.095458984375,0.023037871345877647,302.4683837890625,306.765625,0.05651972442865372,237.695556640625,342.2184753417969,0.04165251925587654,222.5157012939453,381.2911682128906,0.014081946574151516,220.63552856445312,377.9961853027344,0.07140903919935226,283.45465087890625,421.6166076660156,0.06247752159833908
63,263.35205078125,377.2644348144531,0.06639102846384048,215.88446044921875,379.6893615722656,0.021789442747831345,306.56463623046875,313.8695983886719,0.044839609414339066,235.92678833007812,335.6126708984375,0.06111893430352211,222.2577667236328,381.6827087402344,0.013014418072998524,283.35748291015625,422.23431396484375,0.06988288462162018,195.7386016845703,419.4158935546875,0.07543080300092697
64,251.46197509765625,378.4591064453125,0.05027921870350838,215.81729125976562,379.4803771972656,0.013745681382715702,298.2170104980469,319.68280029296875,0.04002142697572708,235.2777099609375,334.7537841796875,0.03897663578391075,201.8306427001953,419.2176208496094,0.010091820731759071,284.8259582519531,422.4195251464844,0.05877095088362694,194.45516967773438,419.0279541015625,0.07784095406532288
65,249.80245971679688,379.76123046875,0.05825549736618996,150.23292541503906,383.225830078125,0.02069416083395481,229.9724578857422,342.5323486328125,0.044979192316532135,238.84652709960938,328.4527282714844,0.046644918620586395,264.5829162597656,382.79052734375,0.013406477868556976,329.9386901855469,426.9281311035156,0.05570054426789284,194.1749725341797,418.5877380371094,0.07644657790660858
66,247.66346740722656,378.25054931640625,0.05564653128385544,234.12124633789062,322.187255859375,0.02233993448317051,234.05992126464844,337.9007873535156,0.07843344658613205,238.43289184570312,327.34259033203125,0.07462980598211288,262.6227722167969,381.8358459472656,0.017061343416571617,172.9862060546875,414.0426330566406,0.05946815386414528,193.85687255859375,418.4148864746094,0.08361523598432541
67,199.21676635742188,289.67578125,0.0466390959918499,242.4273681640625,310.8522644042969,0.026139048859477043,307.16448974609375,298.5069580078125,0.0528627410531044,236.85360717773438,325.53765869140625,0.04372631758451462,254.38955688476562,382.4883728027344,0.013459605164825916,172.11146545410156,414.04449462890625,0.06040124595165253,190.396484375,413.574951171875,0.07411393523216248
68,184.16986083984375,411.07525634765625,0.04053163528442383,240.54275512695312,311.206787109375,0.02093016542494297,230.85848999023438,332.1463317871094,0.06909190118312836,236.5690460205078,325.05999755859375,0.04999075084924698,251.69729614257812,380.2176818847656,0.01913359761238098,172.75823974609375,414.08642578125,0.05738343670964241,189.8714599609375,412.726318359375,0.08186237514019012
69,199.71734619140625,291.89947509765625,0.05058484151959419,243.13131713867188,294.6289978027344,0.05954393744468689,233.63104248046875,320.6630859375,0.09401265531778336,255.18443298339844,301.1914978027344,0.07463683187961578,206.50473022460938,308.3865966796875,0.0158984437584877,172.14022827148438,413.821044921875,0.043578654527664185,193.74839782714844,417.4049377441406,0.07081399112939835
70,201.04371643066406,292.48712158203125,0.04862987622618675,242.1435089111328,293.2853698730469,0.06652604788541794,231.14781188964844,320.97320556640625,0.09115888923406601,255.7637939453125,300.219970703125,0.11990226805210114,241.4591522216797,374.9391784667969,0.020314443856477737,215.21737670898438,382.5959777832031,0.041833098977804184,201.18896484375,295.93060302734375,0.09439728409051895
71,250.75062561035156,366.7820739746094,0.05185665935277939,228.20352172851562,308.66046142578125,0.062257178127765656,231.0252685546875,319.7909851074219,0.08815804868936539,242.64585876464844,311.4936828613281,0.1028076559305191,242.7095489501953,372.92633056640625,0.020650675520300865,328.81256103515625,427.7925109863281,0.04628850147128105,200.0150604248047,294.9132080078125,0.09821571409702301
72,242.7639617919922,364.56439208984375,0.07622706145048141,231.2035369873047,293.8335876464844,0.11273958534002304,228.38233947753906,309.8901062011719,0.0821027010679245,241.39805603027344,300.87060546875,0.1060502752661705,224.62109375,375.4944763183594,0.02609947882592678,329.34320068359375,426.0875244140625,0.04279021546244621,193.28855895996094,418.4565124511719,0.05589517951011658
73,238.36871337890625,364.98541259765625,0.08840512484312057,228.22756958007812,293.1472473144531,0.11249784380197525,229.1004638671875,306.21923828125,0.06949436664581299,241.06527709960938,300.1807556152344,0.12778788805007935,224.8653564453125,370.3686218261719,0.04267377033829689,329.4674377441406,426.02490234375,0.042873382568359375,193.9347381591797,417.9969482421875,0.07872176170349121
74,237.47804260253906,362.338134765625,0.08649323880672455,230.9174346923828,290.6713562011719,0.06760990619659424,210.3816375732422,325.8648986816406,0.06627732515335083,239.66680908203125,298.184814453125,0.10007986426353455,228.69981384277344,369.37860107421875,0.02830442786216736,330.0325927734375,426.1987609863281,0.05021972954273224,196.0800018310547,417.0130310058594,0.07503379881381989
75,232.80198669433594,360.459228515625,0.08818319439888,220.53262329101562,289.7441101074219,0.05639614537358284,208.81362915039062,313.86029052734375,0.0965396836400032,238.2502899169922,297.96923828125,0.052956849336624146,234.91128540039062,366.4892272949219,0.01653253473341465,329.80364990234375,426.3445739746094,0.04387136176228523,196.66697692871094,417.2673034667969,0.08513081073760986
76,237.6558074951172,361.658203125,0.036018118262290955,226.5077362060547,282.2091369628906,0.06376956403255463,206.9833984375,310.879150390625,0.07635841518640518,223.8722686767578,297.80560302734375,0.061991505324840546,203.0152587890625,419.98040771484375,0.01283324882388115,173.86691284179688,411.74163818359375,0.03865276277065277,197.3744354248047,417.49346923828125,0.08415305614471436
77,290.9505615234375,347.8963317871094,0.03359200805425644,221.08474731445312,290.0805358886719,0.057305071502923965,207.3650360107422,308.3048095703125,0.05875010043382645,222.73780822753906,296.02783203125,0.08934714645147324,198.22854614257812,282.2164306640625,0.015797242522239685,175.1978759765625,411.10443115234375,0.035064514726400375,196.4719696044922,416.995361328125,0.0845501497387886
78,264.9524230957031,404.5144348144531,0.028677750378847122,219.35305786132812,289.5981750488281,0.081412173807621,207.1892547607422,301.31787109375,0.0421859510242939,222.38380432128906,294.91693115234375,0.10921924561262131,214.1839141845703,278.0495300292969,0.0213431715965271,273.6812744140625,419.11572265625,0.030922995880246162,197.25091552734375,417.2788391113281,0.080442413687706
79,282.3167724609375,335.52984619140625,0.03249641880393028,217.5823516845703,289.34234619140625,0.0805581659078598,199.17848205566406,302.4842224121094,0.04322561249136925,222.16946411132812,295.0512390136719,0.12021083384752274,215.46351623535156,279.29541015625,0.019691890105605125,185.51588439941406,410.1938781738281,0.03527219966053963,198.17796325683594,415.2491760253906,0.11211436241865158
80,282.16943359375,335.42730712890625,0.03504202514886856,216.72679138183594,289.750244140625,0.07016418874263763,198.6547088623047,301.70654296875,0.05520118027925491,222.19381713867188,296.8636169433594,0.12054290622472763,215.7371063232422,279.357421875,0.01525055430829525,176.87037658691406,409.22039794921875,0.03133859112858772,197.23321533203125,413.0836181640625,0.10255327820777893
81,283.6893615722656,334.6475524902344,0.05657871812582016,209.0659942626953,291.3054504394531,0.09980276226997375,198.0363006591797,301.8226318359375,0.04248233512043953,222.3579864501953,297.78460693359375,0.12060635536909103,221.5902557373047,282.7203674316406,0.008351022377610207,190.28016662597656,414.13153076171875,0.0194910429418087,197.941162109375,412.64373779296875,0.047135356813669205
82,284.8957824707031,333.2957458496094,0.10241483151912689,206.03704833984375,294.2216491699219,0.07783423364162445,279.810791015625,299.0440673828125,0.03751743212342262,225.3446807861328,298.1991271972656,0.0774461105465889,297.5253601074219,340.4862365722656,0.013266576454043388,190.87353515625,411.1802978515625,0.0377424918115139,197.3072967529297,409.988037109375,0.06569692492485046
83,285.68316650390625,332.62530517578125,0.14538468420505524,206.48495483398438,296.70208740234375,0.04594707861542702,280.6099853515625,330.8443298339844,0.04696839675307274,286.5595397949219,331.6903381347656,0.0535055510699749,286.2331848144531,336.1064453125,0.021644875407218933,206.4270477294922,301.2848205566406,0.03684989735484123,211.2366485595703,301.9496154785156,0.037444986402988434
84,285.67559814453125,332.1560974121094,0.1708652377128601,280.3282470703125,337.53082275390625,0.04996617138385773,280.9314270019531,330.6955261230469,0.056730203330516815,286.3271789550781,332.1976318359375,0.062013786286115646,285.9953308105469,335.64306640625,0.03037891909480095,284.3497009277344,333.9008483886719,0.03586544841527939,253.40968322753906,409.9420471191406,0.04516550153493881
85,286.0272521972656,331.5989990234375,0.24240872263908386,281.4966125488281,337.3934326171875,0.07501987367868423,281.6996154785156,330.0724792480469,0.08276782184839249,285.68499755859375,332.1393127441406,0.08754792809486389,286.5473327636719,334.94134521484375,0.05428856983780861,284.1783752441406,333.2940368652344,0.06908149272203445,283.3587646484375,333.938720703125,0.06790152192115784
86,284.8439025878906,331.45867919921875,0.3000786602497101,281.3597412109375,336.95855712890625,0.097133569419384,281.8394775390625,329.60760498046875,0.10552582889795303,285.7480773925781,331.9845275878906,0.11854755133390427,287.0323181152344,334.7798156738281,0.06891480088233948,283.6214904785156,333.12255859375,0.10429544001817703,283.53662109375,333.8959045410156,0.09327609837055206
87,284.51129150390625,330.9813232421875,0.3338313698768616,281.2647399902344,336.28057861328125,0.13032016158103943,281.9148254394531,329.3493957519531,0.13351428508758545,285.720703125,332.212646484375,0.14938966929912567,286.7525329589844,334.0309753417969,0.09129326045513153,283.3254699707031,332.7079162597656,0.1548602133989334,284.1630859375,333.34710693359375,0.12881770730018616
88,284.1570739746094,331.30548095703125,0.3622790575027466,282.0392150878906,335.03277587890625,0.12687955796718597,282.2910461425781,329.80889892578125,0.13439509272575378,285.01959228515625,331.8849182128906,0.16177916526794434,287.68841552734375,333.41619873046875,0.10579400509595871,282.6708679199219,332.0925598144531,0.17350724339485168,284.0874938964844,332.8481140136719,0.16654658317565918
89,283.38671875,325.0082702636719,0.26058730483055115,281.6661376953125,334.01300048828125,0.08890356123447418,282.65130615234375,330.5535888671875,0.10994672775268555,284.5897216796875,332.28179931640625,0.12373679131269455,288.20208740234375,333.3381652832031,0.0746535211801529,281.1460876464844,332.7953796386719,0.11548605561256409,284.0622863769531,332.59075927734375,0.13732768595218658
90,281.1912536621094,323.8128967285156,0.19234395027160645,278.7220764160156,332.7552795410156,0.043101366609334946,282.15814208984375,332.1800537109375,0.050802573561668396,285.7005615234375,333.46044921875,0.08222027868032455,288.822265625,333.7449035644531,0.035030145198106766,193.12039184570312,410.84027099609375,0.07139957696199417,285.77972412109375,332.9524230957031,0.08843837678432465
91,282.1134338378906,320.9946594238281,0.12655702233314514,279.1579284667969,319.1569519042969,0.023632187396287918,268.0109558105469,311.4216003417969,0.050359610468149185,285.1603698730469,311.50213623046875,0.07641074061393738,284.39434814453125,328.24920654296875,0.031211454421281815,202.97860717773438,408.9699401855469,0.09564981609582901,203.9704132080078,410.9466857910156,0.07947345077991486
92,281.48480224609375,317.76678466796875,0.13930284976959229,279.7498474121094,318.2064208984375,0.039608560502529144,279.64453125,309.01641845703125,0.07432230561971664,284.9605407714844,312.0797119140625,0.12613822519779205,284.8411865234375,327.2666015625,0.04436314478516579,203.75755310058594,409.9482421875,0.10241584479808807,205.15115356445312,410.8526916503906,0.08508013188838959
93,272.8979797363281,309.74481201171875,0.1054622232913971,280.04132080078125,317.6034851074219,0.028245216235518456,270.4839782714844,317.44647216796875,0.09398786723613739,284.5682067871094,311.69757080078125,0.10302142798900604,202.00253295898438,408.580078125,0.029964210465550423,197.4396514892578,411.2362976074219,0.12502163648605347,203.354248046875,408.935546875,0.0717206820845604
94,274.20013427734375,291.9491271972656,0.11492528766393661,280.4892578125,317.458251953125,0.02553568221628666,270.3052673339844,318.1710510253906,0.09559381753206253,283.8082275390625,311.4393310546875,0.09788107126951218,282.7118225097656,311.6335754394531,0.023673634976148605,196.02090454101562,410.7212829589844,0.10276049375534058,269.3172302246094,410.2062072753906,0.04880451411008835
95,266.5545654296875,300.97222900390625,0.12337446957826614,279.9973449707031,317.6378479003906,0.021394643932580948,272.77484130859375,299.81512451171875,0.10153331607580185,283.7168884277344,310.6656799316406,0.10709496587514877,286.18389892578125,327.7535400390625,0.023241199553012848,189.92095947265625,408.8340759277344,0.06119999662041664,268.1679382324219,410.43011474609375,0.04416674003005028
96,265.1607666015625,301.5952453613281,0.10286052525043488,221.01063537597656,364.865234375,0.024201571941375732,273.0645751953125,299.2952880859375,0.0930909514427185,283.6259765625,294.51251220703125,0.11518023908138275,188.4394989013672,412.335693359375,0.016919853165745735,188.7861328125,410.94976806640625,0.1090003177523613,195.7288818359375,413.9827880859375,0.0911906436085701
97,264.4849853515625,301.707275390625,0.08543124794960022,220.95077514648438,365.3476867675781,0.03491433709859848,272.61749267578125,298.809814453125,0.07437853515148163,283.9739990234375,294.17156982421875,0.10549139976501465,221.92405700683594,364.5390930175781,0.019931163638830185,187.38648986816406,408.3341979980469,0.13049238920211792,194.9799346923828,412.1513366699219,0.07715475559234619
98,263.5426025390625,302.043701171875,0.08898824453353882,218.4154510498047,365.7252502441406,0.04095930978655815,273.31622314453125,299.59552001953125,0.08209985494613647,284.126708984375,294.4622497558594,0.08593981713056564,223.1212158203125,365.934814453125,0.025617744773626328,179.4680633544922,409.16119384765625,0.09245681762695312,174.29208374023438,322.7769470214844,0.15240471065044403
99,263.58770751953125,301.3143615722656,0.08309974521398544,217.64260864257812,366.06427001953125,0.03506532311439514,273.5184326171875,300.0074768066406,0.07483887672424316,284.740966796875,293.605712890625,0.08917555958032608,223.221435546875,366.33868408203125,0.021420661360025406,177.24032592773438,409.305419921875,0.10593090206384659,174.3640899658203,313.4700927734375,0.13491620123386383
100,214.73928833007812,363.92327880859375,0.09534378349781036,217.92543029785156,366.0033874511719,0.035844217985868454,273.0483703613281,300.5395812988281,0.07211846113204956,284.9646301269531,293.4556884765625,0.09366119652986526,223.76747131347656,365.9777526855469,0.02533743530511856,178.8826141357422,410.8880615234375,0.11969967931509018,174.19125366210938,311.25958251953125,0.14809565246105194
101,163.22576904296875,312.7198486328125,0.08878488838672638,218.48471069335938,365.8542785644531,0.022749580442905426,273.35321044921875,301.80181884765625,0.06651195138692856,284.6847229003906,293.2856750488281,0.08779848366975784,171.12158203125,315.580810546875,0.026943139731884003,176.87689208984375,408.3039855957031,0.18237781524658203,196.41390991210938,410.4230041503906,0.11540715396404266
102,159.19525146484375,312.2749938964844,0.07458686083555222,151.70880126953125,168.79710388183594,0.02505609765648842,273.9767150878906,301.9217529296875,0.07833310216665268,284.9595947265625,294.2530212402344,0.1064050942659378,156.0234832763672,317.2221374511719,0.028557104989886284,180.52352905273438,410.5458984375,0.19161522388458252,195.631103515625,408.94512939453125,0.1283974051475525
103,275.558349609375,331.1554870605469,0.08274940401315689,281.2041320800781,301.29986572265625,0.013371543027460575,281.9861145019531,330.6786193847656,0.06158800050616264,286.50982666015625,327.75335693359375,0.08882062137126923,289.1941223144531,337.6717834472656,0.017433881759643555,177.63534545898438,409.27685546875,0.1484302580356598,196.72177124023438,409.3145751953125,0.07879114151000977
104,274.9813232421875,329.7301940917969,0.08834079653024673,278.720458984375,331.6485595703125,0.01551538985222578,281.8958435058594,330.0861511230469,0.060124486684799194,288.0776672363281,327.7330322265625,0.06035417318344116,171.5214080810547,333.3333435058594,0.02027719095349312,179.3076934814453,409.4251403808594,0.10370165854692459,284.4383544921875,337.5292663574219,0.07019989937543869
105,274.3733215332031,328.8183898925781,0.09176012128591537,279.529541015625,332.2642822265625,0.021445350721478462,273.9617614746094,333.23541259765625,0.08119965344667435,288.4611511230469,329.64508056640625,0.05003541707992554,171.76559448242188,331.90203857421875,0.03160993754863739,278.2900390625,333.287841796875,0.05084040388464928,284.6080322265625,335.97222900390625,0.095688097178936
106,259.34857177734375,324.1327209472656,0.13233895599842072,262.6869812011719,328.3599853515625,0.02273140661418438,267.2542724609375,332.78521728515625,0.06101410835981369,271.88348388671875,326.744384765625,0.08697515726089478,281.05267333984375,335.8686828613281,0.016224656254053116,161.3931121826172,397.5361633300781,0.055281903594732285,193.56243896484375,409.3896789550781,0.05598000809550285
107,267.37957763671875,323.2229309082031,0.06463500112295151,113.38272857666016,333.83782958984375,0.014792988076806068,267.2190856933594,332.5419616699219,0.03672681376338005,272.6178283691406,325.7173767089844,0.06501433998346329,237.55442810058594,365.6827392578125,0.007534240838140249,176.4697265625,408.4919738769531,0.18127882480621338,197.2384033203125,411.8321838378906,0.08669232577085495
108,256.227294921875,318.53814697265625,0.07495010644197464,136.10154724121094,251.3473358154297,0.01585898920893669,268.2138671875,332.9254455566406,0.029737796634435654,271.70263671875,325.8805236816406,0.05930091068148613,283.91204833984375,416.9005126953125,0.00750276492908597,209.11831665039062,413.6908264160156,0.1340375691652298,300.958740234375,422.76611328125,0.10618608444929123
109,266.5973815917969,317.6905517578125,0.06946610659360886,167.5344696044922,189.2931365966797,0.030551845207810402,285.4072265625,333.6979064941406,0.02885518968105316,272.6351318359375,328.73468017578125,0.030600808560848236,270.7372131347656,415.16162109375,0.012079575099050999,181.24647521972656,410.15765380859375,0.11669248342514038,260.9420166015625,412.131591796875,0.12288878858089447
110,257.5875244140625,408.60888671875,0.05106675624847412,168.57598876953125,186.58055114746094,0.04358171299099922,284.9869384765625,335.07452392578125,0.04817638546228409,289.8949890136719,327.85015869140625,0.03405964747071266,270.6867980957031,414.0564270019531,0.021168043836951256,181.5225372314453,411.5504455566406,0.13377411663532257,259.4501953125,413.0791931152344,0.12356875091791153
111,172.4761962890625,408.3503723144531,0.05814614146947861,173.24563598632812,187.44552612304688,0.036018893122673035,284.7379150390625,336.6603698730469,0.04066883400082588,265.9014587402344,375.56707763671875,0.03325224295258522,187.07180786132812,412.6744689941406,0.010568095371127129,178.8070526123047,412.9701843261719,0.11416425555944443,185.40867614746094,408.4696044921875,0.08312929421663284
112,172.62527465820312,409.7474365234375,0.06258777529001236,175.28216552734375,197.38648986816406,0.02125203236937523,213.60208129882812,344.8733825683594,0.05369894206523895,288.8725891113281,332.0625,0.02363377995789051,216.75306701660156,343.3633728027344,0.014180775731801987,177.54672241210938,413.6886901855469,0.11387257277965546,184.5384979248047,408.0441589355469,0.09087301790714264
113,173.20700073242188,410.0953063964844,0.055656131356954575,167.90557861328125,412.7771911621094,0.020421380177140236,216.74600219726562,346.0718994140625,0.0304033812135458,234.8782958984375,348.5118408203125,0.028233742341399193,230.06455993652344,377.72625732421875,0.014232168905436993,176.77606201171875,412.16778564453125,0.11171840876340866,190.06414794921875,409.9167785644531,0.07506436109542847
114,179.83360290527344,412.2329406738281,0.030648596584796906,231.41531372070312,361.32989501953125,0.015059636905789375,237.18980407714844,361.5950927734375,0.025411883369088173,233.828857421875,348.44580078125,0.023961037397384644,186.85134887695312,412.14984130859375,0.0205759946256876,178.6934051513672,413.22100830078125,0.07721032947301865,189.0686798095703,410.4076843261719,0.10260143876075745
115,160.9511260986328,328.69268798828125,0.04361022263765335,192.54998779296875,204.58901977539062,0.025171944871544838,219.5819854736328,359.7084655761719,0.020320620387792587,185.24697875976562,344.91571044921875,0.023978453129529953,229.89279174804688,380.4207458496094,0.022537708282470703,179.65133666992188,415.9025573730469,0.07729508727788925,189.52572631835938,410.11041259765625,0.12111344933509827
116,172.50506591796875,414.1422119140625,0.058666110038757324,168.79273986816406,414.9190368652344,0.028007008135318756,164.19488525390625,413.0341796875,0.027277817949652672,179.83001708984375,419.7866516113281,0.020847026258707047,229.3123016357422,379.8183288574219,0.02212989330291748,176.85043334960938,413.21600341796875,0.1441449075937271,188.86231994628906,410.84619140625,0.12788011133670807
117,231.14564514160156,376.1842041015625,0.05437679588794708,233.337890625,378.4305114746094,0.021413477137684822,236.2291259765625,361.3566589355469,0.02330789528787136,232.5370635986328,347.523681640625,0.012815216556191444,228.1875457763672,378.06732177734375,0.04822838678956032,179.78897094726562,413.59002685546875,0.10070148855447769,194.85736083984375,415.6556701660156,0.1330082267522812
118,234.09861755371094,374.89471435546875,0.16340535879135132,169.00892639160156,414.17474365234375,0.01717624068260193,165.32894897460938,413.78118896484375,0.02224939875304699,178.54673767089844,419.75372314453125,0.019363589584827423,238.37118530273438,372.3104553222656,0.03950626030564308,180.30345153808594,414.1845397949219,0.12826532125473022,194.35470581054688,415.3148498535156,0.13529327511787415
119,241.02635192871094,357.9709777832031,0.07894577085971832,229.34243774414062,363.495361328125,0.010901299305260181,315.07696533203125,378.2431335449219,0.023222800344228745,235.11917114257812,349.1334228515625,0.01708858646452427,202.17510986328125,413.2403259277344,0.019520966336131096,182.53358459472656,413.70501708984375,0.11795035004615784,194.54022216796875,415.86212158203125,0.10037251561880112
120,248.9158477783203,318.6305847167969,0.04925405606627464,229.58900451660156,344.62567138671875,0.009477281011641026,340.2685241699219,350.7193908691406,0.0361492894589901,252.4769287109375,319.1596374511719,0.02466755174100399,233.73741149902344,359.8640441894531,0.026460958644747734,297.42181396484375,428.23675537109375,0.08308690041303635,198.252685546875,423.17291259765625,0.07938628643751144
121,255.19032287597656,324.5956726074219,0.06854260712862015,191.25579833984375,414.0911560058594,0.005368760321289301,339.72003173828125,364.5742492675781,0.024478470906615257,280.9961853027344,327.27276611328125,0.019092831760644913,202.7474365234375,412.3036193847656,0.013821819797158241,300.24993896484375,427.70361328125,0.1380338966846466,197.76116943359375,421.74786376953125,0.06906890124082565
122,264.58331298828125,327.3512268066406,0.10898177325725555,266.6550598144531,335.6852111816406,0.008907265961170197,265.8528137207031,330.0122985839844,0.033847611397504807,268.6412353515625,316.42767333984375,0.046102117747068405,270.5014343261719,335.60369873046875,0.017797335982322693,297.79437255859375,427.8914794921875,0.19764924049377441,197.08287048339844,421.3785705566406,0.05491136386990547
123,272.9294738769531,327.70196533203125,0.13461075723171234,280.7142639160156,330.9288330078125,0.020289840176701546,284.54290771484375,334.726806640625,0.0526714026927948,268.1410217285156,313.6939697265625,0.0478629432618618,287.1773986816406,332.71002197265625,0.04719436168670654,299.2875671386719,428.97064208984375,0.16148586571216583,284.8678283691406,333.4506530761719,0.0872649997472763
124,279.3758239746094,323.9555358886719,0.11015214771032333,278.8179016113281,315.131591796875,0.015817077830433846,283.0074462890625,318.3911437988281,0.06933445483446121,284.5545349121094,315.24822998046875,0.07249263674020767,288.17486572265625,331.109619140625,0.030622024089097977,301.6148376464844,426.80804443359375,0.10681993514299393,287.4088439941406,333.5651550292969,0.06365427374839783
125,281.6542663574219,318.6678161621094,0.05778117477893829,176.66738891601562,303.1308898925781,0.006915810517966747,284.4305419921875,366.33416748046875,0.029664751142263412,284.7241516113281,363.251708984375,0.03707731142640114,287.952880859375,330.0106506347656,0.011408616788685322,301.47998046875,429.53582763671875,0.1058402955532074,245.28106689453125,418.6577453613281,0.056755006313323975
126,247.37255859375,314.7511291503906,0.044441960752010345,177.42674255371094,303.98577880859375,0.007627503015100956,284.2575378417969,366.4729309082031,0.029595226049423218,284.6101379394531,362.3517761230469,0.03408866375684738,255.58921813964844,324.80853271484375,0.011818449012935162,300.52880859375,429.33563232421875,0.12338670343160629,245.4513702392578,419.8169860839844,0.07667949795722961
127,282.0306396484375,376.8601989746094,0.04879944398999214,280.1670227050781,380.748291015625,0.005830005276948214,283.2088928222656,365.9966125488281,0.02095048874616623,285.1053466796875,361.4408874511719,0.02403637021780014,279.23321533203125,377.2611083984375,0.008662200532853603,300.571044921875,430.3375549316406,0.12989488244056702,307.6481018066406,427.3069763183594,0.05625090375542641
128,275.97808837890625,372.59661865234375,0.05056005343794823,266.7328796386719,317.07305908203125,0.004913887940347195,284.4178161621094,363.26666259765625,0.024661008268594742,291.73126220703125,326.5059814453125,0.03620443865656853,297.5439758300781,327.63885498046875,0.015593261457979679,301.1551818847656,431.0611877441406,0.12870846688747406,307.4920654296875,427.0003356933594,0.06608957797288895
129,295.95013427734375,418.928955078125,0.038077328354120255,248.6314239501953,428.4909973144531,0.006854101549834013,282.9730529785156,350.0501403808594,0.02584949880838394,294.8380432128906,329.9086608886719,0.03906933590769768,294.9292907714844,330.8236999511719,0.011653406545519829,302.89788818359375,430.9575500488281,0.11613722890615463,306.7082214355469,427.04473876953125,0.07642144709825516
130,280.6119689941406,371.2662658691406,0.056656185537576675,279.9989318847656,362.5016174316406,0.008314684964716434,281.0364685058594,361.9457092285156,0.029772279784083366,288.7436828613281,359.6670837402344,0.037927959114313126,286.2886047363281,368.4044189453125,0.010328410193324089,302.21514892578125,426.7725830078125,0.08354372531175613,308.540283203125,427.4750061035156,0.05551528185606003
131,279.3282165527344,372.6537170410156,0.05443936958909035,278.8959045410156,361.542724609375,0.011076458729803562,282.9597473144531,364.1319885253906,0.036602359265089035,288.2745056152344,362.179443359375,0.04720398783683777,285.4093322753906,367.6284484863281,0.01652679033577442,302.0370788574219,431.5494079589844,0.08348464965820312,308.4559020996094,427.6226501464844,0.05167002975940704
132,278.100830078125,365.2931823730469,0.0537613183259964,281.8860168457031,363.2946472167969,0.008233847096562386,284.68841552734375,363.5599365234375,0.03707084804773331,286.9924011230469,361.10919189453125,0.03334025293588638,286.1413269042969,367.4067077636719,0.013756196945905685,238.9729461669922,425.82659912109375,0.08642212301492691,307.9482421875,428.0054931640625,0.03981702774763107
133,277.7121276855469,364.4433898925781,0.041083551943302155,273.49713134765625,197.38902282714844,0.008734684437513351,284.7060241699219,362.8975830078125,0.03252790868282318,285.6361389160156,346.8691101074219,0.05439789593219757,287.2497863769531,351.6695251464844,0.011736428365111351,240.21104431152344,426.66546630859375,0.13259121775627136,252.72286987304688,422.94671630859375,0.0440550222992897
134,276.8984375,355.6136779785156,0.07312674820423126,272.8525695800781,189.008544921875,0.011178030632436275,285.8575134277344,346.9871826171875,0.02631268836557865,285.0759582519531,348.99505615234375,0.06368416547775269,282.2222595214844,358.46136474609375,0.018941039219498634,239.862060546875,426.92498779296875,0.12069085240364075,252.4833984375,423.1480407714844,0.04680052399635315
135,271.3215026855469,307.41864013671875,0.08124054968357086,257.46038818359375,187.42750549316406,0.007040682248771191,282.67022705078125,364.24908447265625,0.026681475341320038,284.4350280761719,354.4632568359375,0.05719279870390892,265.4219055175781,428.7745666503906,0.008596601895987988,239.94314575195312,426.7712097167969,0.11906176060438156,308.8595275878906,428.32379150390625,0.057883284986019135
136,274.7579650878906,307.076904296875,0.05025134235620499,265.3321838378906,172.7743377685547,0.010114200413227081,282.3415222167969,363.8299560546875,0.02514852210879326,284.3843994140625,355.4244079589844,0.0357937328517437,279.0846862792969,358.1271667480469,0.010226758196949959,239.02041625976562,426.76434326171875,0.12879034876823425,252.23953247070312,423.38470458984375,0.0574364997446537
137,276.1166687011719,308.35540771484375,0.05212152376770973,269.06884765625,204.22427368164062,0.011095623485744,266.12652587890625,220.22689819335938,0.029900820925831795,278.3482360839844,212.49191284179688,0.046546004712581635,280.62628173828125,359.0805969238281,0.011541209183633327,239.23748779296875,426.8455505371094,0.11848793178796768,252.4598388671875,423.4982604980469,0.059990569949150085
138,205.4182586669922,198.76206970214844,0.06388585269451141,255.3173370361328,201.52630615234375,0.038064535707235336,246.2908172607422,204.55117797851562,0.06158449128270149,255.64276123046875,201.02915954589844,0.055017925798892975,278.4788818359375,376.84991455078125,0.013113456778228283,239.51724243164062,427.3716735839844,0.11296491324901581,252.587890625,423.8600158691406,0.05593883991241455
139,186.5321502685547,168.612060546875,0.05634307861328125,255.59169006347656,200.98204040527344,0.008955378085374832,233.83583068847656,187.5463104248047,0.022648602724075317,252.7486572265625,207.5078582763672,0.026906678453087807,278.39227294921875,377.48504638671875,0.010893117636442184,239.4910430908203,427.6933898925781,0.09339664876461029,252.16722106933594,423.8576965332031,0.05423692241311073
140,282.67303466796875,380.2803039550781,0.03437644615769386,254.53347778320312,201.61163330078125,0.01224588230252266,236.95944213867188,199.38409423828125,0.031670454889535904,318.50830078125,190.208251953125,0.06656370311975479,170.44105529785156,161.55279541015625,0.01124887727200985,238.18858337402344,427.5167541503906,0.09055855125188828,251.71987915039062,422.6599426269531,0.05194466933608055
141,149.88458251953125,143.49844360351562,0.05596812814474106,150.20114135742188,154.10079956054688,0.02183656021952629,341.5547180175781,362.916259765625,0.028228892013430595,318.1741943359375,201.01161193847656,0.03636219725012779,152.7222900390625,153.14830017089844,0.01602909341454506,157.72230529785156,150.9397735595703,0.07276884466409683,157.67063903808594,154.8616485595703,0.056669626384973526
142,209.32272338867188,190.53125,0.047288037836551666,287.4639587402344,187.93556213378906,0.020615538582205772,154.1147003173828,134.10369873046875,0.017418500036001205,293.01788330078125,184.3832550048828,0.030915457755327225,156.2689666748047,143.22393798828125,0.005467427894473076,237.85231018066406,424.9023742675781,0.07208096235990524,146.16835021972656,143.94573974609375,0.04008280485868454
143,141.88433837890625,131.96221923828125,0.03997435420751572,274.32940673828125,185.29080200195312,0.07224313169717789,280.1789245605469,218.60467529296875,0.03245271369814873,284.36871337890625,181.64466857910156,0.07287023961544037,136.46795654296875,135.5478973388672,0.01293958816677332,229.4907684326172,425.1290283203125,0.08559340238571167,140.92088317871094,137.5174102783203,0.049048274755477905
144,125.68146514892578,120.57254791259766,0.03800836205482483,257.2237548828125,180.42050170898438,0.03838389739394188,261.9042663574219,218.80828857421875,0.05550772324204445,276.66375732421875,180.45709228515625,0.06923498958349228,115.63446807861328,126.21603393554688,0.009267628192901611,229.4300994873047,421.6728515625,0.06957874447107315,127.01715850830078,121.67958068847656,0.03265371173620224
145,194.83851623535156,413.90081787109375,0.039235565811395645,252.10162353515625,177.22796630859375,0.04470469802618027,245.22433471679688,216.2237548828125,0.058990102261304855,258.9119873046875,175.24403381347656,0.03982502594590187,125.27852630615234,129.60113525390625,0.011431624181568623,213.37831115722656,424.4118347167969,0.1378474086523056,215.19381713867188,426.9668273925781,0.04187036678195
146,195.75010681152344,415.51409912109375,0.0409589521586895,237.52793884277344,177.7933807373047,0.05532846972346306,223.75827026367188,213.5574188232422,0.05426401272416115,245.08767700195312,174.3396759033203,0.031014906242489815,105.45142364501953,129.48045349121094,0.010061967186629772,206.94967651367188,422.8261413574219,0.10252920538187027,212.36317443847656,426.42974853515625,0.059367064386606216
147,195.358642578125,415.90606689453125,0.037707116454839706,227.1355438232422,175.25857543945312,0.07633791863918304,226.4405975341797,201.69300842285156,0.043398916721343994,243.359130859375,176.36936950683594,0.06416282057762146,203.8314208984375,427.16802978515625,0.00760760810226202,207.18914794921875,423.0159912109375,0.10267965495586395,212.94676208496094,426.6730041503906,0.061316877603530884
148,194.81289672851562,414.814453125,0.05035809427499771,225.4381866455078,166.1787872314453,0.1417495608329773,220.56613159179688,176.7150421142578,0.03902304172515869,240.20838928222656,179.87100219726562,0.08786963671445847,90.47969818115234,145.82603454589844,0.008753953501582146,208.18231201171875,422.30340576171875,0.09042196720838547,213.29066467285156,425.45458984375,0.05761627480387688
149,197.1090545654297,415.48992919921875,0.0480530746281147,221.555908203125,169.96640014648438,0.09305137395858765,204.68580627441406,175.41598510742188,0.026220601052045822,227.20521545410156,179.0047607421875,0.07342509925365448,300.0149230957031,385.7591857910156,0.0065170577727258205,211.12123107910156,423.6233825683594,0.09473221004009247,214.55136108398438,425.55389404296875,0.05393631011247635
150,197.18994140625,415.7491149902344,0.04981563612818718,209.8789825439453,175.57315063476562,0.082143135368824,212.02684020996094,178.5953369140625,0.014466718770563602,224.47128295898438,181.23727416992188,0.05839145556092262,300.08294677734375,385.1722412109375,0.006249540019780397,210.68988037109375,423.72711181640625,0.09745718538761139,213.80987548828125,424.80535888671875,0.055540282279253006
151,197.406005859375,415.689697265625,0.07032442092895508,196.8878631591797,178.8420867919922,0.05466209724545479,228.54232788085938,273.9695739746094,0.01329537108540535,215.77598571777344,181.78378295898438,0.029930641874670982,202.21371459960938,425.5647888183594,0.006822375115007162,211.21482849121094,423.826171875,0.12678341567516327,213.80992126464844,424.80401611328125,0.06745906174182892
152,198.32643127441406,415.7733459472656,0.07926172018051147,208.87326049804688,179.8445281982422,0.034206561744213104,236.3175811767578,283.3111877441406,0.012913688085973263,237.63165283203125,273.44781494140625,0.03220550715923309,201.48995971679688,425.1667175292969,0.007851549424231052,211.83203125,423.60760498046875,0.12864866852760315,214.00010681152344,424.4486083984375,0.06691297143697739
153,198.29458618164062,414.30035400390625,0.0918283611536026,200.69107055664062,181.9268035888672,0.020403016358613968,293.89410400390625,379.4938659667969,0.01941792108118534,237.7401123046875,264.90374755859375,0.03389834985136986,201.29640197753906,424.6431579589844,0.006115476135164499,212.77117919921875,423.4515380859375,0.14154374599456787,213.9671630859375,424.43292236328125,0.0624246820807457
154,197.5938262939453,414.55712890625,0.07561791688203812,198.09632873535156,193.23670959472656,0.00517687015235424,290.643798828125,379.8040466308594,0.033761508762836456,298.06890869140625,386.0669860839844,0.030291423201560974,201.02137756347656,424.9035339355469,0.006155302282422781,211.4242706298828,422.8058166503906,0.13144688308238983,213.72720336914062,423.9730224609375,0.05403486266732216
155,198.0745849609375,413.8106689453125,0.07148558646440506,297.7167663574219,378.8277587890625,0.015382058918476105,289.9267578125,380.8179626464844,0.03510776162147522,299.0998840332031,382.3926696777344,0.03283313289284706,300.31829833984375,380.6800842285156,0.018687361851334572,212.1730499267578,422.842041015625,0.14841867983341217,214.0846405029297,424.49652099609375,0.048132192343473434
156,198.51913452148438,414.0962829589844,0.04580824449658394,132.05572509765625,204.58526611328125,0.005380036309361458,285.2693176269531,396.7566223144531,0.02279256470501423,284.025634765625,390.2415466308594,0.0198687557131052,286.574951171875,417.0545654296875,0.0074824257753789425,212.7157440185547,422.37054443359375,0.11836668103933334,282.46307373046875,407.88262939453125,0.04242556914687157
157,278.6597900390625,416.23260498046875,0.05705031007528305,285.1712646484375,411.53692626953125,0.00715208426117897,296.0702209472656,332.3081970214844,0.024745626375079155,307.3623962402344,332.4805603027344,0.02820308320224285,287.2803955078125,416.4320373535156,0.014540047384798527,278.8587646484375,415.4923095703125,0.0600258931517601,282.0469665527344,413.1736145019531,0.09417401999235153
158,280.1312561035156,414.57415771484375,0.046021830290555954,236.9060821533203,342.59814453125,0.006893557030707598,237.14306640625,348.9337158203125,0.027562350034713745,295.0516357421875,330.9945373535156,0.023671675473451614,225.56138610839844,347.6331481933594,0.007809428032487631,282.59503173828125,417.701171875,0.04619193449616432,283.6015319824219,416.9320983886719,0.03511396795511246
159,296.814697265625,298.8811950683594,0.08633306622505188,247.3074188232422,361.655517578125,0.014668871648609638,239.81382751464844,334.016357421875,0.034609295427799225,256.59051513671875,313.33087158203125,0.027948256582021713,140.0211181640625,267.4515380859375,0.009697864763438702,211.44557189941406,417.72625732421875,0.04436756670475006,136.6806640625,265.84014892578125,0.05113514885306358
160,298.27020263671875,299.5961608886719,0.10018358379602432,246.5443572998047,360.6221618652344,0.02425258234143257,309.3007507324219,298.7210388183594,0.04177352786064148,257.27484130859375,312.83416748046875,0.05373835936188698,137.74317932128906,270.9152526855469,0.01074695773422718,211.56495666503906,418.1260986328125,0.04620556905865669,136.76673889160156,265.426513671875,0.04614761471748352
161,297.8853454589844,299.420166015625,0.06900809705257416,244.03738403320312,360.045654296875,0.026428990066051483,307.9468688964844,299.46697998046875,0.04045511782169342,239.55772399902344,327.9779052734375,0.04436979442834854,137.10633850097656,267.600341796875,0.02472405694425106,129.02926635742188,265.6197814941406,0.039352964609861374,131.59278869628906,264.26702880859375,0.057956594973802567
162,283.4483947753906,299.7864685058594,0.08545619994401932,231.7765350341797,330.93896484375,0.053963638842105865,228.6979217529297,332.77008056640625,0.07076926529407501,238.25718688964844,329.9989013671875,0.0710410475730896,136.4582977294922,262.010009765625,0.026677075773477554,203.03842163085938,413.0792236328125,0.0607939213514328,135.46641540527344,264.79595947265625,0.056062668561935425
163,187.10842895507812,313.3984680175781,0.07010872662067413,185.35183715820312,318.19573974609375,0.022209113463759422,190.70651245117188,311.2156677246094,0.0477379746735096,301.13507080078125,293.1631774902344,0.055287063121795654,187.53665161132812,317.1493225097656,0.030964883044362068,183.52674865722656,318.1729736328125,0.04401598125696182,186.6874237060547,317.4144287109375,0.06076086312532425
164,294.57696533203125,298.1499328613281,0.07508695125579834,229.2941131591797,313.61663818359375,0.015219243243336678,294.4272766113281,300.0096435546875,0.057979244738817215,301.28045654296875,293.5423583984375,0.055032238364219666,303.9649963378906,306.2506103515625,0.009846927598118782,205.90196228027344,415.50701904296875,0.027821412310004234,218.89913940429688,416.08447265625,0.03530743718147278
165,294.321044921875,298.54510498046875,0.08272243291139603,261.3914489746094,362.24908447265625,0.013651999644935131,294.19488525390625,300.65264892578125,0.06609141826629639,301.6876220703125,293.8917541503906,0.06068732589483261,303.597900390625,306.23138427734375,0.011340020224452019,206.64447021484375,414.01531982421875,0.03464404121041298,219.72410583496094,415.17626953125,0.05249950289726257
166,294.4671325683594,298.2114562988281,0.08062077313661575,297.1258239746094,298.92913818359375,0.01225412730127573,293.8306579589844,300.8304748535156,0.0647575631737709,302.2529296875,293.90643310546875,0.06560543179512024,303.5086669921875,305.85009765625,0.012608506716787815,206.83705139160156,412.72979736328125,0.029534034430980682,221.4688262939453,414.31787109375,0.04762040823698044
167,294.38555908203125,298.4659118652344,0.07937707751989365,247.9591522216797,361.9872741699219,0.015356088057160378,293.3491516113281,300.5314025878906,0.062158819288015366,302.0199890136719,294.21356201171875,0.06523709744215012,303.4378356933594,305.5631103515625,0.012866285629570484,209.56333923339844,418.6891784667969,0.04881183058023453,224.6427764892578,417.57550048828125,0.07126826792955399
168,294.141357421875,298.52227783203125,0.06997107714414597,206.95240783691406,156.3710479736328,0.014802094548940659,292.9035949707031,300.159912109375,0.05833996832370758,302.1224670410156,294.13409423828125,0.06164536997675896,303.23992919921875,305.6582946777344,0.011626634746789932,209.0415802001953,417.3818054199219,0.05751517042517662,226.58798217773438,417.3883361816406,0.06429091840982437
169,293.56719970703125,298.9073486328125,0.05601003021001816,246.85325622558594,361.9635925292969,0.012347498908638954,292.4755554199219,299.9336853027344,0.047044407576322556,301.6998596191406,294.13946533203125,0.044367715716362,297.96734619140625,315.0977478027344,0.010242055170238018,328.6506042480469,426.820068359375,0.06466753035783768,227.68389892578125,415.95269775390625,0.06393764913082123
170,270.2855224609375,290.7303161621094,0.05627645552158356,297.92242431640625,318.35430908203125,0.008990512229502201,292.4304504394531,300.0362243652344,0.043632470071315765,301.610595703125,294.0935974121094,0.037957049906253815,297.9389953613281,315.2471618652344,0.009097231552004814,329.48486328125,422.826171875,0.06535391509532928,228.44081115722656,415.9906311035156,0.060094352811574936
171,292.5195617675781,299.41058349609375,0.05979426950216293,298.1485290527344,318.731689453125,0.00894390419125557,292.3436584472656,300.3059387207031,0.03955000638961792,302.0414733886719,294.1875305175781,0.03393220901489258,314.6170959472656,323.3200988769531,0.010461077094078064,207.01901245117188,415.573486328125,0.06445204466581345,226.80715942382812,412.29229736328125,0.07103173434734344
172,268.9065246582031,285.4930114746094,0.05973479524254799,87.2760009765625,222.59072875976562,0.012281220406293869,292.86151123046875,300.5238952636719,0.034651193767786026,301.25872802734375,294.4674987792969,0.027640951797366142,314.8136291503906,322.590087890625,0.010007143951952457,207.44357299804688,414.29461669921875,0.04299056529998779,226.62303161621094,405.70452880859375,0.04872151464223862
173,268.9203186035156,285.5231628417969,0.06557489186525345,88.48126220703125,222.72506713867188,0.014097911305725574,292.7893371582031,300.475341796875,0.0312056802213192,284.11749267578125,293.4361267089844,0.02691110409796238,298.05419921875,316.2421569824219,0.009377619251608849,331.31951904296875,420.3099060058594,0.02445843815803528,284.0704650878906,409.8954772949219,0.04137057065963745
174,268.39581298828125,285.3034362792969,0.06154411658644676,232.77194213867188,342.7936096191406,0.009230142459273338,292.455810546875,300.4421081542969,0.0332927368581295,284.1790771484375,293.0510559082031,0.028018323704600334,298.30548095703125,316.34698486328125,0.007947545498609543,330.71136474609375,418.767578125,0.02299748919904232,284.1977844238281,411.0323181152344,0.043695174157619476
175,268.14990234375,284.8617858886719,0.06449802964925766,232.3804931640625,343.11932373046875,0.009885888546705246,297.0382385253906,284.53570556640625,0.03258374705910683,281.74603271484375,278.60015869140625,0.025677768513560295,210.83131408691406,291.34490966796875,0.007130132522433996,332.14776611328125,422.3901062011719,0.02026081457734108,284.7784729003906,410.4160461425781,0.033932335674762726
176,268.0089416503906,283.9939880371094,0.07939326018095016,247.35362243652344,364.3988037109375,0.00927878636866808,296.16046142578125,284.95635986328125,0.03789171949028969,300.7449035644531,293.464599609375,0.03476011008024216,203.9446563720703,300.16357421875,0.009101987816393375,180.533935546875,407.09674072265625,0.03464604169130325,284.1562194824219,410.1097106933594,0.030311601236462593
177,268.3028564453125,284.072021484375,0.09563370794057846,249.05906677246094,363.7496032714844,0.010263505391776562,296.718994140625,285.7787780761719,0.039860475808382034,300.3673095703125,293.3595275878906,0.03552664816379547,210.3526611328125,309.8115539550781,0.015887832269072533,183.77474975585938,406.41522216796875,0.051140934228897095,210.04795837402344,317.8773193359375,0.022355368360877037
178,268.3586120605469,283.6879577636719,0.10547757893800735,248.77554321289062,363.89129638671875,0.011256012134253979,296.3111267089844,286.0712585449219,0.0438542366027832,300.39447021484375,293.30853271484375,0.040105510503053665,210.7898406982422,309.9184265136719,0.015184512361884117,181.64755249023438,407.8832702636719,0.07502079010009766,187.1149444580078,408.0649108886719,0.022004833444952965
179,268.88092041015625,283.65887451171875,0.08699903637170792,139.90643310546875,147.6218719482422,0.010075507685542107,294.7723693847656,286.75,0.060639940202236176,300.40704345703125,293.572021484375,0.052552729845047,209.38949584960938,310.1327819824219,0.016815947368741035,181.08966064453125,405.7506103515625,0.06668782979249954,190.93727111816406,407.90423583984375,0.033251263201236725
180,268.5262756347656,283.7962341308594,0.08490472286939621,140.3950958251953,148.2413330078125,0.012961446307599545,294.8507995605469,286.6700134277344,0.06321661174297333,300.59619140625,293.618408203125,0.059831418097019196,209.85523986816406,311.05072021484375,0.0166559386998415,188.31138610839844,404.8042907714844,0.05425575003027916,190.8531951904297,407.5264892578125,0.038150541484355927
181,269.1759338378906,283.73065185546875,0.07935097813606262,141.31289672851562,148.52037048339844,0.02113594301044941,294.0841064453125,286.7207336425781,0.06540332734584808,300.4659729003906,293.9862365722656,0.057228539139032364,209.91578674316406,311.4232482910156,0.014114250428974628,193.33355712890625,407.0306091308594,0.06423147767782211,190.62506103515625,406.8426818847656,0.04069150984287262
182,291.7059020996094,285.0511169433594,0.07551807910203934,140.784423828125,149.40850830078125,0.01667226292192936,294.1561279296875,286.3187561035156,0.07524248212575912,300.7655334472656,294.19757080078125,0.06253525614738464,210.04754638671875,311.21722412109375,0.012080344371497631,193.58590698242188,406.8517150878906,0.06567834317684174,190.79629516601562,406.0848083496094,0.033183541148900986
183,291.4534912109375,284.7160339355469,0.08677740395069122,142.38119506835938,155.8231964111328,0.01882391981780529,293.80035400390625,285.60101318359375,0.0738377496600151,301.4884033203125,294.3015441894531,0.05344953015446663,210.37144470214844,310.38580322265625,0.011310767382383347,194.1656951904297,406.1070556640625,0.06483756005764008,200.05946350097656,408.55145263671875,0.03206661716103554
184,291.41455078125,284.7466735839844,0.0845845490694046,143.31500244140625,155.53799438476562,0.016763564199209213,293.762451171875,285.26177978515625,0.06701403856277466,301.37420654296875,294.5475158691406,0.044393882155418396,210.33082580566406,310.329833984375,0.010216332972049713,193.96676635742188,404.6661376953125,0.07340466976165771,199.54916381835938,407.5766296386719,0.03706648573279381
185,291.0715026855469,285.2373962402344,0.08646248281002045,143.9863739013672,156.03765869140625,0.01366311963647604,293.4537048339844,284.98529052734375,0.06608633697032928,301.2578430175781,294.4636535644531,0.044601429253816605,138.9090576171875,235.14553833007812,0.012093160301446915,195.16261291503906,402.8731384277344,0.07391020655632019,199.8955841064453,407.5022888183594,0.04151816666126251
186,291.4457092285156,284.4783020019531,0.08446824550628662,154.80528259277344,148.97731018066406,0.012034091167151928,293.135498046875,284.7782897949219,0.06680548936128616,300.2286376953125,278.7291259765625,0.04591404274106026,139.52420043945312,236.4821014404297,0.011732341721653938,192.530029296875,402.74310302734375,0.11812885850667953,193.59446716308594,407.7508239746094,0.04220670834183693
187,291.5964050292969,284.1985778808594,0.08641454577445984,154.0172576904297,149.1285400390625,0.014241838827729225,293.35003662109375,284.6596984863281,0.07023938000202179,300.4068298339844,278.9462890625,0.04618232324719429,302.7190246582031,290.67572021484375,0.01081794872879982,193.36813354492188,403.2997741699219,0.10932838916778564,200.2371368408203,407.338134765625,0.0460495762526989
188,277.2091369628906,282.08160400390625,0.085642009973526,153.82322692871094,148.64675903320312,0.013621488586068153,293.5330505371094,284.6903381347656,0.06353986263275146,300.5843505859375,278.6725769042969,0.038798850029706955,296.3970947265625,289.3427734375,0.009768384508788586,192.78684997558594,403.4010009765625,0.10073000937700272,200.4511260986328,407.3277893066406,0.03691820427775383
189,277.3661804199219,282.2522888183594,0.07769794017076492,154.0224151611328,148.3688507080078,0.01316868420690298,293.1656799316406,284.7504577636719,0.06405485421419144,300.44879150390625,278.8493347167969,0.04143528640270233,296.4563903808594,289.1237487792969,0.010030598379671574,192.9153594970703,402.4517517089844,0.08776833862066269,200.8572998046875,408.09716796875,0.02998974360525608
190,270.0894470214844,281.899658203125,0.084958516061306,154.43402099609375,148.7588653564453,0.014054962433874607,292.9699401855469,284.9266052246094,0.06410249322652817,300.62939453125,278.80023193359375,0.04163747653365135,296.3955383300781,288.8569030761719,0.01057796273380518,193.3719482421875,401.8328857421875,0.08276896923780441,200.93963623046875,407.5240783691406,0.028452180325984955
191,270.49810791015625,281.8086853027344,0.08187270909547806,158.62973022460938,156.00534057617188,0.015389268286526203,293.1935119628906,285.0162353515625,0.06254291534423828,300.67584228515625,278.9495544433594,0.0412665419280529,296.2816467285156,288.8512878417969,0.010799442417919636,194.1837615966797,401.67279052734375,0.08722206950187683,201.22930908203125,407.5557556152344,0.02920781634747982
192,285.7322082519531,284.23248291015625,0.07856645435094833,158.02333068847656,156.9473419189453,0.012714014388620853,293.2437438964844,285.2831726074219,0.05910931155085564,300.5491943359375,279.0685119628906,0.03719961270689964,296.2935485839844,288.8702087402344,0.009998285211622715,195.1337890625,401.43524169921875,0.09402303397655487,209.26881408691406,411.7397766113281,0.029165813699364662
193,285.751220703125,284.6138610839844,0.07569672912359238,158.22042846679688,156.38282775878906,0.01240848284214735,293.5794677734375,284.94451904296875,0.05409341678023338,300.48419189453125,279.29766845703125,0.03306327015161514,296.01776123046875,289.07147216796875,0.00934207160025835,194.185302734375,401.9787902832031,0.09562116861343384,210.0468292236328,411.6558532714844,0.030407549813389778
194,271.32421875,281.5564270019531,0.08168546110391617,170.61428833007812,149.93638610839844,0.010672524571418762,293.1344909667969,285.2150573730469,0.05374567583203316,300.5220947265625,279.6910095214844,0.03201933577656746,296.507080078125,289.0525817871094,0.009543745778501034,193.46890258789062,403.1797180175781,0.09946395456790924,208.9676971435547,411.253662109375,0.02808351442217827
195,274.41717529296875,278.3830261230469,0.07408766448497772,170.6442108154297,149.88946533203125,0.009583370760083199,292.6784362792969,285.2784423828125,0.05656225606799126,300.4485778808594,280.1153564453125,0.030304480344057083,296.480224609375,288.6308288574219,0.009953375905752182,192.95962524414062,403.8551940917969,0.1067037358880043,208.57933044433594,411.6070556640625,0.024786531925201416
196,285.8578186035156,285.00775146484375,0.07637439668178558,136.9290008544922,240.0695343017578,0.010248994454741478,292.90728759765625,284.9413146972656,0.059022460132837296,300.5388488769531,280.33160400390625,0.029876265674829483,296.490478515625,287.92755126953125,0.0100163035094738,193.4492645263672,403.82861328125,0.09692712873220444,208.1201629638672,411.71478271484375,0.02233038656413555
197,285.6615295410156,285.8932800292969,0.07633578777313232,297.65771484375,285.1555480957031,0.008105459623038769,292.8841247558594,284.5955810546875,0.05808043107390404,300.4902038574219,280.3019104003906,0.027549991384148598,296.1147766113281,287.6705017089844,0.009267098270356655,193.8125762939453,403.9201354980469,0.09849416464567184,208.620849609375,411.0538330078125,0.02152707614004612
198,285.7694396972656,285.5517578125,0.08374416828155518,283.42205810546875,287.72503662109375,0.00854097492992878,307.7860412597656,284.68402099609375,0.06004567816853523,314.4259948730469,278.1435546875,0.026680663228034973,295.9366455078125,287.3272399902344,0.009452746249735355,193.67144775390625,404.4140930175781,0.09418308734893799,208.91009521484375,411.3678283691406,0.02181720733642578
199,285.90277099609375,285.50848388671875,0.0752149447798729,283.48077392578125,287.9964904785156,0.007984187453985214,307.7193298339844,284.72918701171875,0.05930561199784279,314.2563171386719,278.22119140625,0.025771822780370712,295.78131103515625,287.35205078125,0.008416558615863323,193.93667602539062,405.342529296875,0.08814463764429092,213.41317749023438,411.5809326171875,0.021620668470859528
200,285.9156799316406,285.18792724609375,0.08561775833368301,283.5113525390625,287.785888671875,0.01014398131519556,292.86260986328125,284.69110107421875,0.06089732050895691,300.7024230957031,280.6626281738281,0.024180345237255096,295.4989013671875,287.24102783203125,0.009262961335480213,194.63034057617188,406.5161437988281,0.08121457695960999,213.56715393066406,411.9480895996094,0.019613923504948616
201,285.5743713378906,285.4576110839844,0.07277843356132507,283.5926513671875,287.633544921875,0.009031927213072777,307.5157775878906,285.24676513671875,0.0700904056429863,314.20196533203125,278.1514892578125,0.024674413725733757,215.87518310546875,331.3500671386719,0.008851779624819756,195.33660888671875,407.4296569824219,0.05912397429347038,212.93994140625,411.9795837402344,0.018398264423012733
202,250.62615966796875,290.4483642578125,0.08272076398134232,283.123046875,287.6592712402344,0.01020724792033434,307.6520080566406,285.107421875,0.06380664557218552,314.3210754394531,278.2156066894531,0.022580992430448532,286.80889892578125,288.9851379394531,0.009323053061962128,195.7545166015625,407.6038513183594,0.04777001589536667,289.72247314453125,289.6819152832031,0.01507896464318037
203,275.4144592285156,282.28802490234375,0.08289215713739395,282.77557373046875,287.7956237792969,0.009390238672494888,308.3304748535156,285.2962646484375,0.0625121220946312,284.2400207519531,281.6488342285156,0.021313978359103203,216.4479217529297,332.2474365234375,0.009152564220130444,194.82357788085938,407.43890380859375,0.04259518161416054,311.4577331542969,411.4645690917969,0.013953092508018017
204,274.9407958984375,281.865234375,0.08411238342523575,282.3939208984375,287.58514404296875,0.007398243527859449,308.52032470703125,285.7581787109375,0.05881735309958458,284.29425048828125,281.3818664550781,0.018642229959368706,216.4788055419922,332.2928161621094,0.008632862940430641,194.811279296875,407.28387451171875,0.029197877272963524,311.67535400390625,411.86932373046875,0.014890379272401333
205,250.2659454345703,291.62225341796875,0.08639981597661972,152.09495544433594,173.24232482910156,0.005781600251793861,308.9588928222656,285.8251037597656,0.06288661062717438,321.94781494140625,279.0065612792969,0.020333725959062576,227.48916625976562,310.54083251953125,0.008726295083761215,193.65924072265625,408.1883850097656,0.01688174530863762,311.9391784667969,413.1000061035156,0.010279497131705284
206,250.2199249267578,292.7134094238281,0.07946623861789703,281.90252685546875,287.1583251953125,0.006790009327232838,308.64337158203125,286.0409240722656,0.06879503279924393,314.5308837890625,277.9638977050781,0.020272590219974518,228.2467041015625,310.92218017578125,0.008471918292343616,283.5175476074219,288.0177917480469,0.014181050471961498,278.34307861328125,289.7195739746094,0.010972733609378338
207,249.98976135253906,293.59259033203125,0.08075404912233353,281.2700500488281,287.2002868652344,0.005726238247007132,308.5809326171875,286.4205322265625,0.0712115541100502,314.6272888183594,277.9827880859375,0.02086237072944641,227.93629455566406,311.2199401855469,0.009007028304040432,283.8158264160156,288.52764892578125,0.011590061709284782,312.0905456542969,414.3500061035156,0.010667402297258377
208,249.53794860839844,293.9034729003906,0.0675935298204422,281.0771179199219,287.1885986328125,0.005446737632155418,308.9312744140625,286.60113525390625,0.061647217720746994,314.6363525390625,278.0073547363281,0.017802072688937187,226.52293395996094,311.25262451171875,0.009014006704092026,226.52626037597656,417.2818908691406,0.010103163309395313,311.500732421875,414.66351318359375,0.011559762060642242
209,270.854736328125,282.5046081542969,0.05149026960134506,149.87705993652344,240.55859375,0.006849851459264755,308.75701904296875,287.3901672363281,0.06885726749897003,314.6208801269531,278.0896911621094,0.020339664071798325,226.05084228515625,310.5055847167969,0.007600684650242329,226.58274841308594,418.7691650390625,0.01166924461722374,311.5946044921875,414.4588623046875,0.01267381850630045
210,271.0870666503906,283.1584167480469,0.055171456187963486,150.15390014648438,241.34170532226562,0.00816175527870655,308.7684631347656,287.5027160644531,0.06761334836483002,314.7895202636719,278.20263671875,0.02075369842350483,138.0961151123047,289.3392028808594,0.006184490863233805,226.5703125,418.8648681640625,0.013674645684659481,311.35943603515625,414.53753662109375,0.011070536449551582
211,271.2978515625,282.6512145996094,0.0595569908618927,150.38182067871094,242.3089141845703,0.006773949135094881,308.7693786621094,287.3438415527344,0.05958426371216774,314.91290283203125,278.0332946777344,0.01831890642642975,226.1593780517578,310.6024475097656,0.005963742267340422,226.17819213867188,419.2227783203125,0.015352816320955753,223.729736328125,419.75274658203125,0.011541366577148438
212,271.2498779296875,283.5647888183594,0.059228211641311646,150.77423095703125,242.9180908203125,0.006745931692421436,308.9145202636719,287.8357849121094,0.06173272430896759,314.7409973144531,278.0545654296875,0.01843838021159172,254.18299865722656,302.3006591796875,0.0062591154128313065,224.9902801513672,419.72418212890625,0.017353525385260582,222.97531127929688,419.2541198730469,0.015158187597990036
213,271.5868225097656,283.4949645996094,0.060580529272556305,151.28822326660156,243.0747528076172,0.0065337433479726315,308.76483154296875,287.888671875,0.061780668795108795,314.4784240722656,278.0393371582031,0.01835791952908039,349.0791320800781,370.84161376953125,0.005955631844699383,225.33384704589844,420.1705322265625,0.02218552678823471,223.6424560546875,419.6850280761719,0.018576616421341896
214,269.84930419921875,295.8318786621094,0.055190782994031906,151.03070068359375,254.51612854003906,0.005256377160549164,308.9598693847656,288.21514892578125,0.0664609894156456,317.8962097167969,294.8756408691406,0.020432986319065094,138.23141479492188,288.2021789550781,0.005460768472403288,225.20938110351562,420.48724365234375,0.026625746861100197,223.68887329101562,419.9898986816406,0.02199183590710163
215,288.1910400390625,295.5221862792969,0.06073179468512535,171.18173217773438,190.59339904785156,0.00557131739333272,309.08245849609375,288.103271484375,0.0658223107457161,317.9281005859375,295.15997314453125,0.021809937432408333,138.2472381591797,290.02099609375,0.0062640756368637085,219.1640167236328,416.1414794921875,0.02364031784236431,223.4945831298828,421.0188293457031,0.017169345170259476
216,269.0179748535156,297.0035095214844,0.06510722637176514,309.9000244140625,299.8200988769531,0.006233243737369776,309.10137939453125,288.56573486328125,0.06218194589018822,318.0612487792969,295.13922119140625,0.02810133807361126,138.06082153320312,291.0526123046875,0.007047122810035944,219.69061279296875,416.6376647949219,0.036337997764348984,223.71359252929688,421.4385986328125,0.020747123286128044
217,268.54010009765625,298.06884765625,0.06140831857919693,171.88340759277344,189.4978790283203,0.0064386483281850815,309.1708984375,288.8160705566406,0.06795003265142441,318.0155334472656,294.9502868652344,0.02470640279352665,226.7471466064453,328.1995849609375,0.00705707585439086,219.3321990966797,417.468994140625,0.04227184131741524,223.85194396972656,422.3627624511719,0.029171263799071312
218,268.622802734375,297.9759216308594,0.06772596389055252,310.5558166503906,300.1529846191406,0.00613283459097147,309.111572265625,289.1255798339844,0.06936393678188324,318.1414489746094,295.3287353515625,0.02633940614759922,226.8150634765625,328.65087890625,0.007215121295303106,220.10986328125,418.404541015625,0.05801362171769142,223.06405639648438,423.3368225097656,0.03796492516994476
219,268.5265197753906,297.7201232910156,0.06498288363218307,311.0965881347656,300.4896545410156,0.006083700805902481,309.48956298828125,288.8380432128906,0.06971783190965652,317.8905334472656,295.1640319824219,0.025511596351861954,227.0188446044922,329.3749084472656,0.0075924815610051155,219.37136840820312,417.9974670410156,0.049667928367853165,223.2087860107422,423.4559631347656,0.03728918731212616
220,268.1634521484375,297.4498596191406,0.07005780935287476,177.88992309570312,181.70364379882812,0.007712389808148146,309.72454833984375,289.1134338378906,0.06596871465444565,318.3548889160156,295.1629638671875,0.026427285745739937,227.7064971923828,329.95831298828125,0.00707514863461256,219.6731414794922,418.3507385253906,0.05453868210315704,223.72203063964844,423.560546875,0.040150150656700134
221,286.2333679199219,297.5802307128906,0.06674512475728989,178.87933349609375,181.80914306640625,0.006716760341078043,310.34063720703125,288.93792724609375,0.06233213469386101,324.99114990234375,294.66448974609375,0.027905521914362907,227.30242919921875,329.8516540527344,0.007386218290776014,218.69940185546875,418.7684326171875,0.0590723492205143,223.3003387451172,423.77972412109375,0.05210345610976219
222,286.0712890625,297.5949401855469,0.06859251856803894,311.12237548828125,300.79058837890625,0.006619747262448072,310.0069580078125,289.090087890625,0.06551367789506912,318.4283142089844,294.9833068847656,0.027736442163586617,227.21730041503906,329.620849609375,0.007644811179488897,219.15087890625,419.8710632324219,0.05713504180312157,223.6879425048828,424.3794250488281,0.04187101870775223
223,285.96319580078125,297.7836608886719,0.06626340001821518,311.09881591796875,300.93402099609375,0.006337140221148729,310.3507995605469,289.3082275390625,0.06128458306193352,325.0220947265625,294.78045654296875,0.026425236836075783,227.3237762451172,329.6073913574219,0.008229424245655537,219.42410278320312,420.3340148925781,0.05677172914147377,223.8475341796875,424.65228271484375,0.03891702741384506
224,285.7001953125,297.8952331542969,0.0661914050579071,172.78738403320312,188.05551147460938,0.00611219322308898,310.5307312011719,289.0523986816406,0.05509563907980919,325.24658203125,294.6315002441406,0.026181727647781372,227.2712860107422,329.7597351074219,0.008543607778847218,210.95948791503906,417.30865478515625,0.06815630942583084,223.9757537841797,425.4367370605469,0.03538066893815994
225,285.1371765136719,298.1156005859375,0.06346793472766876,172.81918334960938,188.29698181152344,0.005564167629927397,310.7835693359375,289.19482421875,0.05167220160365105,325.2940368652344,294.439453125,0.025927703827619553,227.58514404296875,329.9770202636719,0.007804788649082184,210.87060546875,417.87841796875,0.07373590767383575,224.42608642578125,425.9895324707031,0.03389180079102516
226,284.8642883300781,298.14752197265625,0.06908611953258514,311.2203369140625,300.6759948730469,0.005362965166568756,310.89764404296875,289.3764343261719,0.05098305642604828,325.314208984375,294.3926086425781,0.025454560294747353,227.65081787109375,330.19525146484375,0.008178427815437317,210.50051879882812,418.6210021972656,0.08586745709180832,224.6830291748047,426.48931884765625,0.037868939340114594
227,284.66217041015625,298.3016662597656,0.07245054841041565,172.44564819335938,188.21197509765625,0.006371414288878441,310.9866943359375,289.416259765625,0.05104062706232071,325.4639587402344,294.4364013671875,0.025157753378152847,227.91441345214844,329.923583984375,0.008296637795865536,210.40289306640625,419.104736328125,0.08665084093809128,224.43675231933594,426.48931884765625,0.03474215790629387
228,284.31719970703125,298.40338134765625,0.07092186063528061,248.97415161132812,315.4702453613281,0.007087185047566891,310.9651794433594,289.1535949707031,0.05034090206027031,325.5084228515625,294.516357421875,0.023809172213077545,245.35345458984375,329.1621398925781,0.008667340502142906,210.10464477539062,418.9271545410156,0.0695820078253746,224.62493896484375,426.3376770019531,0.03393329307436943
229,284.7310791015625,298.39984130859375,0.06664423644542694,248.98516845703125,315.6227722167969,0.006762265227735043,310.9989929199219,289.3849182128906,0.05368012562394142,325.8215637207031,294.0570373535156,0.02499666064977646,245.4510955810547,328.9495544433594,0.00840417854487896,209.76708984375,418.9932556152344,0.08323708921670914,224.37112426757812,426.3636779785156,0.03747769445180893
230,284.7065734863281,298.7904968261719,0.059301286935806274,248.9954833984375,315.5601501464844,0.006988659501075745,311.00445556640625,289.46783447265625,0.05291310325264931,325.4679260253906,294.12939453125,0.023454569280147552,245.53675842285156,328.8291931152344,0.008406130596995354,209.63417053222656,419.3045959472656,0.08650641143321991,224.34609985351562,426.4315490722656,0.037563685327768326
231,284.4461975097656,298.5987243652344,0.06300199031829834,249.02748107910156,315.46331787109375,0.007542096544057131,310.4232177734375,289.7158203125,0.05628390237689018,325.4739990234375,294.0544738769531,0.025784863159060478,245.78900146484375,328.8777160644531,0.008685636334121227,209.68362426757812,419.0997009277344,0.07541316747665405,224.29930114746094,426.6665344238281,0.03492099791765213
232,286.075439453125,299.8534851074219,0.06259136646986008,249.10427856445312,315.1862487792969,0.007001984864473343,310.389404296875,289.6220703125,0.05448969453573227,325.3590393066406,294.08563232421875,0.02482306770980358,245.50372314453125,329.10205078125,0.008812529034912586,209.52601623535156,419.03155517578125,0.06838901340961456,224.03273010253906,426.2700500488281,0.030457565560936928
233,284.4393310546875,298.8605041503906,0.06351371109485626,249.27996826171875,315.36077880859375,0.008276982232928276,310.2332458496094,289.4881896972656,0.05633165314793587,325.11383056640625,293.91448974609375,0.02558198757469654,252.95408630371094,316.62860107421875,0.009852531366050243,209.56607055664062,419.0332946777344,0.06600083410739899,224.17385864257812,426.0398864746094,0.026209119707345963
234,284.8357238769531,298.9714050292969,0.066431425511837,249.35467529296875,315.3058166503906,0.00781812984496355,310.3714294433594,289.01708984375,0.056788429617881775,325.025634765625,293.7397766113281,0.025657249614596367,244.9789276123047,328.5467224121094,0.00955524668097496,208.94094848632812,419.3263244628906,0.06556937098503113,223.73428344726562,425.81256103515625,0.025080308318138123
235,285.6033020019531,298.7426452636719,0.06410019099712372,249.3176727294922,315.2696533203125,0.007133914157748222,310.3749084472656,288.7284240722656,0.059652719646692276,325.11077880859375,293.3408508300781,0.026459895074367523,244.93592834472656,328.73358154296875,0.010367510840296745,208.59674072265625,419.6264343261719,0.06672452390193939,224.36343383789062,425.9609375,0.025514427572488785
236,285.20269775390625,298.58294677734375,0.05910859629511833,312.02496337890625,300.2060852050781,0.007071474567055702,310.0550537109375,288.4793395996094,0.06035575643181801,324.9812316894531,293.3108825683594,0.02632594108581543,245.05197143554688,328.31634521484375,0.009827944450080395,208.58309936523438,419.47113037109375,0.07025385648012161,224.56771850585938,426.2689514160156,0.02516772784292698
237,285.5330505371094,298.5882263183594,0.056612443178892136,312.15386962890625,300.08203125,0.006858065724372864,310.2557678222656,288.3031921386719,0.05876100808382034,325.065185546875,293.3235168457031,0.026630260050296783,244.5880584716797,328.6971435546875,0.009838844649493694,208.75616455078125,419.3965759277344,0.07258371263742447,224.94247436523438,425.9902648925781,0.02657620795071125
238,284.9349670410156,298.2283630371094,0.05735902488231659,250.0298614501953,326.63934326171875,0.006828500423580408,310.1632995605469,288.2207336425781,0.05521327629685402,325.122802734375,293.5334777832031,0.027484439313411713,244.713623046875,328.8463439941406,0.009656909853219986,209.141357421875,418.9597473144531,0.06412680447101593,225.7483367919922,425.7001647949219,0.024694843217730522
239,285.2985534667969,297.5808410644531,0.05397398769855499,249.7890625,326.8173522949219,0.005810415837913752,310.25579833984375,288.3135681152344,0.05570780485868454,325.04852294921875,293.32415771484375,0.023676561191678047,244.6840057373047,328.1802978515625,0.009727942757308483,209.12338256835938,418.2463073730469,0.06371577829122543,225.7698974609375,425.4875793457031,0.027500638738274574
